id,datetime,lines,products,amount_kopecks,min_line,max_line
1,2026-09-04 19:30:57,1,1,895000,895000,895000
2,2026-09-05 16:22:48,1,1,895000,895000,895000
3,2026-09-03 22:47:02,1,1,597500,597500,597500
4,2026-08-31 15:42:34,1,1,895000,895000,895000
5,2026-08-22 16:19:00,1,1,575000,575000,575000
6,2026-09-02 19:16:28,1,1,845000,845000,845000
7,2026-08-08 14:07:56,1,1,495000,495000,495000
8,2026-08-08 16:25:39,2,2,899000,449500,449500
9,2026-09-03 14:55:45,1,1,895000,895000,895000
10,2026-09-06 16:25:37,1,1,845000,845000,845000
11,2026-08-27 20:09:27,1,1,697500,697500,697500
12,2026-08-09 16:52:01,1,1,649000,649000,649000
13,2026-09-07 07:54:24,1,1,895000,895000,895000
14,2026-08-30 23:52:21,1,1,895000,895000,895000
15,2026-09-04 15:26:00,1,1,845000,845000,845000
16,2026-08-10 16:56:42,2,2,990000,495000,495000
17,2026-08-22 17:01:20,1,1,995000,995000,995000
18,2026-09-05 14:29:29,1,1,895000,895000,895000
19,2026-08-09 11:01:50,2,2,990000,495000,495000
20,2026-09-06 11:07:00,2,2,1495000,747500,747500
21,2026-08-10 16:29:36,2,2,990000,495000,495000
22,2026-09-06 14:41:56,1,1,845000,845000,845000
23,2026-09-06 15:39:44,1,1,223750,223750,223750
24,2026-09-05 18:23:21,1,1,895000,895000,895000
25,2026-08-30 18:34:15,1,1,845000,845000,845000
26,2026-08-08 09:23:01,1,1,649000,649000,649000
26,2026-08-31 14:03:44,2,2,1795000,897500,897500
27,2026-08-29 14:47:39,1,1,895000,895000,895000
28,2026-09-04 15:15:34,2,2,1495000,747500,747500
29,2026-08-28 18:20:56,1,1,845000,845000,845000
30,2026-08-23 10:06:51,1,1,895000,895000,895000
31,2026-09-05 11:00:21,1,1,747500,747500,747500
32,2026-08-09 04:36:11,1,1,649000,649000,649000
33,2026-08-08 16:26:36,2,2,999000,499500,499500
34,2026-09-01 17:23:37,1,1,894500,894500,894500
35,2026-09-02 22:38:59,1,1,422500,422500,422500
36,2026-09-09 19:26:20,5,5,4475000,895000,895000
37,2026-09-02 04:13:14,1,1,575000,575000,575000
38,2026-08-09 12:15:31,1,1,649000,649000,649000
39,2026-08-27 17:02:28,1,1,995000,995000,995000
40,2026-08-09 16:36:02,1,1,649000,649000,649000
41,2026-08-12 10:22:39,1,1,650000,650000,650000
42,2026-09-06 11:42:46,1,1,845000,845000,845000
43,2026-09-05 07:16:30,2,2,1295000,647500,647500
44,2026-09-06 12:29:18,1,1,697500,697500,697500
45,2026-08-14 10:04:52,1,1,575000,575000,575000
46,2026-08-12 05:13:04,1,1,645000,645000,645000
47,2026-08-08 12:24:55,2,2,999000,499500,499500
48,2026-09-05 14:24:29,1,1,895000,895000,895000
49,2026-09-06 14:51:02,2,2,1495000,747500,747500
50,2026-09-02 10:32:55,1,1,895000,895000,895000
51,2026-09-06 15:46:24,1,1,223750,223750,223750
52,2026-08-10 18:12:59,1,1,645000,645000,645000
53,2026-08-09 13:57:35,1,1,495000,495000,495000
54,2026-08-08 12:39:51,1,1,649000,649000,649000
55,2026-09-06 15:35:13,1,1,223750,223750,223750
56,2026-09-06 12:12:33,1,1,747500,747500,747500
57,2026-08-10 00:14:10,1,1,495000,495000,495000
58,2026-08-09 16:12:46,3,3,1639000,546333,546334
59,2026-09-06 13:32:21,1,1,895000,895000,895000
60,2026-09-05 19:44:33,1,1,895000,895000,895000
61,2026-08-27 19:44:33,2,2,1395000,697500,697500
62,2026-08-09 18:47:09,2,2,999000,499500,499500
63,2026-08-09 19:29:08,2,2,1290000,645000,645000
63,2026-09-07 05:24:57,1,1,895000,895000,895000
64,2026-08-09 14:45:05,1,1,499500,499500,499500
65,2026-08-09 18:45:20,1,1,649000,649000,649000
66,2026-08-13 05:36:55,1,1,874500,874500,874500
67,2026-08-10 18:01:06,1,1,649000,649000,649000
67,2026-09-05 17:04:40,1,1,895000,895000,895000
68,2026-09-08 17:53:12,2,2,1500000,750000,750000
69,2026-08-22 04:22:43,1,1,695000,695000,695000
70,2026-08-18 19:10:04,1,1,847500,847500,847500
71,2026-08-23 14:57:08,1,1,845000,845000,845000
72,2026-09-07 19:19:58,2,2,1395000,697500,697500
73,2026-08-08 20:05:40,1,1,499500,499500,499500
74,2026-09-06 10:34:28,1,1,845000,845000,845000
75,2026-08-18 18:53:33,2,2,1695000,847500,847500
76,2026-08-30 14:48:44,2,2,1395000,697500,697500
77,2026-08-31 17:54:30,1,1,845000,845000,845000
78,2026-09-08 05:10:30,1,1,695000,695000,695000
79,2026-08-14 04:09:52,1,1,995000,995000,995000
80,2026-09-09 04:53:08,1,1,697500,697500,697500
81,2026-08-30 13:44:26,1,1,845000,845000,845000
82,2026-08-11 12:46:14,2,2,649000,324500,324500
83,2026-08-10 07:52:44,1,1,649000,649000,649000
84,2026-08-09 19:07:32,1,1,649000,649000,649000
85,2026-08-24 15:57:32,1,1,895000,895000,895000
86,2026-08-10 16:16:30,1,1,495000,495000,495000
87,2026-08-22 13:23:20,1,1,747500,747500,747500
88,2026-09-01 19:27:16,1,1,895000,895000,895000
89,2026-08-09 10:44:19,1,1,990000,990000,990000
90,2026-08-31 01:05:18,1,1,697500,697500,697500
91,2026-08-24 00:44:40,1,1,895000,895000,895000
92,2026-08-21 15:14:39,1,1,995000,995000,995000
93,2026-08-10 05:56:12,1,1,695000,695000,695000
94,2026-09-04 18:49:47,1,1,895000,895000,895000
95,2026-08-23 19:08:11,2,2,1495000,747500,747500
96,2026-08-09 16:21:43,1,1,649000,649000,649000
97,2026-09-06 17:27:55,1,1,895000,895000,895000
98,2026-08-23 14:14:48,2,2,1495000,747500,747500
99,2026-08-29 19:35:36,1,1,845000,845000,845000
100,2026-09-07 09:30:42,1,1,895000,895000,895000
101,2026-08-20 17:34:00,1,1,874500,874500,874500
102,2026-09-07 12:59:48,2,2,1295000,647500,647500
103,2026-08-09 18:46:42,1,1,649000,649000,649000
104,2026-08-23 21:00:30,2,2,1495000,747500,747500
105,2026-09-06 11:55:22,1,1,895000,895000,895000
106,2026-08-10 10:53:02,2,2,990000,495000,495000
107,2026-08-23 18:28:17,2,2,1395000,697500,697500
108,2026-09-09 04:53:08,1,1,697500,697500,697500
109,2026-09-05 17:57:36,1,1,895000,895000,895000
110,2026-09-07 10:27:06,1,1,895000,895000,895000
111,2026-08-24 16:49:26,1,1,895000,895000,895000
112,2026-08-11 18:41:42,2,2,1695000,847500,847500
113,2026-09-06 15:14:57,1,1,895000,895000,895000
114,2026-09-01 19:16:56,2,2,1395000,697500,697500
115,2026-09-01 13:09:50,1,1,894500,894500,894500
116,2026-08-25 10:01:02,2,2,1495000,747500,747500
117,2026-09-05 12:34:35,1,1,845000,845000,845000
118,2026-08-23 08:24:45,1,1,845000,845000,845000
119,2026-09-07 11:34:36,1,1,895000,895000,895000
120,2026-08-08 19:28:26,1,1,649000,649000,649000
121,2026-08-25 11:38:56,1,1,895000,895000,895000
122,2026-08-27 20:55:44,2,2,1495000,747500,747500
123,2026-09-09 16:23:01,1,1,645000,645000,645000
124,2026-09-04 06:34:32,1,1,995000,995000,995000
125,2026-09-07 08:46:37,1,1,895000,895000,895000
126,2026-08-05 13:22:41,1,1,874500,874500,874500
127,2026-09-05 17:27:41,1,1,895000,895000,895000
128,2026-09-02 11:55:47,1,1,894500,894500,894500
129,2026-08-09 10:56:45,1,1,649000,649000,649000
130,2026-08-15 14:59:16,1,1,995000,995000,995000
131,2026-08-04 17:05:46,1,1,874500,874500,874500
132,2026-08-13 11:39:13,1,1,874500,874500,874500
133,2026-08-16 09:59:37,2,2,990000,495000,495000
134,2026-08-31 08:06:47,1,1,697500,697500,697500
135,2026-08-08 20:00:19,2,2,999000,499500,499500
136,2026-08-27 08:57:04,2,2,1495000,747500,747500
137,2026-08-05 15:01:16,1,1,847500,847500,847500
138,2026-08-09 16:33:22,1,1,649000,649000,649000
138,2026-08-25 12:39:08,1,1,575000,575000,575000
139,2026-09-01 20:30:07,2,2,1395000,697500,697500
140,2026-08-25 16:01:50,1,1,845000,845000,845000
141,2026-08-24 14:48:12,1,1,747500,747500,747500
142,2026-08-11 15:49:13,1,1,649000,649000,649000
143,2026-08-16 13:21:36,1,1,695000,695000,695000
144,2026-08-29 11:51:08,2,2,895000,447500,447500
144,2026-09-01 15:30:39,1,1,895000,895000,895000
145,2026-08-30 13:06:05,1,1,895000,895000,895000
146,2026-08-20 16:27:30,1,1,695000,695000,695000
147,2026-09-05 19:46:01,2,2,1495000,747500,747500
148,2026-08-25 09:49:25,1,1,747500,747500,747500
149,2026-08-23 16:50:14,1,1,895000,895000,895000
150,2026-09-06 13:11:45,1,1,895000,895000,895000
151,2026-09-06 11:31:11,1,1,747500,747500,747500
152,2026-08-10 08:42:13,1,1,649000,649000,649000
153,2026-08-13 18:30:59,1,1,575000,575000,575000
154,2026-09-06 13:40:03,1,1,895000,895000,895000
155,2026-09-05 10:20:56,2,2,1495000,747500,747500
155,2026-09-05 12:13:44,1,1,700000,700000,700000
156,2026-08-22 10:54:14,2,2,1495000,747500,747500
157,2026-08-31 06:39:53,2,2,1495000,747500,747500
158,2026-08-10 12:37:30,2,2,940000,470000,470000
159,2026-08-05 12:56:32,2,2,1695000,847500,847500
160,2026-08-09 02:39:44,1,1,499500,499500,499500
161,2026-08-08 19:49:42,2,2,999000,499500,499500
162,2026-08-15 12:51:04,1,1,695000,695000,695000
163,2026-08-26 01:23:32,1,1,845000,845000,845000
164,2026-08-10 13:08:15,1,1,874500,874500,874500
165,2026-08-25 07:21:38,1,1,845000,845000,845000
166,2026-08-06 12:15:46,1,1,695000,695000,695000
167,2026-08-09 09:07:16,2,2,990000,495000,495000
168,2026-08-25 06:26:04,2,2,1495000,747500,747500
169,2026-09-05 15:47:16,1,1,895000,895000,895000
170,2026-08-12 17:51:00,1,1,600000,600000,600000
171,2026-08-31 18:20:33,1,1,895000,895000,895000
172,2026-08-23 16:29:57,1,1,895000,895000,895000
173,2026-08-11 07:48:36,2,2,990000,495000,495000
174,2026-09-05 18:41:16,2,2,1495000,747500,747500
175,2026-08-13 16:14:01,1,1,995000,995000,995000
176,2026-08-09 16:29:58,1,1,649000,649000,649000
177,2026-08-28 10:47:56,1,1,895000,895000,895000
178,2026-08-26 09:15:13,1,1,895000,895000,895000
179,2026-08-12 02:06:02,1,1,649000,649000,649000
180,2026-09-06 16:23:30,1,1,223750,223750,223750
181,2026-09-01 18:44:37,1,1,895000,895000,895000
182,2026-09-02 10:14:11,1,1,895000,895000,895000
183,2026-08-08 10:08:11,1,1,649000,649000,649000
184,2026-08-09 17:20:07,1,1,495000,495000,495000
185,2026-08-27 14:36:47,2,2,1395000,697500,697500
186,2026-08-10 06:13:10,1,1,495000,495000,495000
187,2026-08-09 18:48:05,2,2,899000,449500,449500
188,2026-09-06 01:03:43,1,1,697500,697500,697500
189,2026-09-01 07:49:46,1,1,894500,894500,894500
190,2026-09-09 02:52:43,1,1,995000,995000,995000
191,2026-08-27 15:11:14,4,4,2985000,746250,746250
192,2026-08-24 15:05:04,2,2,1495000,747500,747500
193,2026-09-06 11:49:34,1,1,845000,845000,845000
194,2026-08-24 16:25:21,1,1,895000,895000,895000
195,2026-09-01 10:54:53,1,1,845000,845000,845000
196,2026-09-10 06:09:12,1,1,995000,995000,995000
197,2026-09-04 15:39:31,2,2,1495000,747500,747500
198,2026-09-04 16:44:57,1,1,747500,747500,747500
199,2026-08-21 09:02:18,1,1,995000,995000,995000
200,2026-08-22 19:40:16,2,2,1495000,747500,747500
201,2026-08-24 17:28:20,1,1,695000,695000,695000
202,2026-08-25 19:24:14,2,2,1495000,747500,747500
203,2026-08-23 20:42:20,2,2,1495000,747500,747500
204,2026-09-07 13:39:13,1,1,895000,895000,895000
205,2026-09-03 15:01:50,1,1,895000,895000,895000
206,2026-08-09 13:00:12,2,2,999000,499500,499500
207,2026-08-09 10:15:38,1,1,649000,649000,649000
208,2026-08-13 19:25:17,1,1,645000,645000,645000
209,2026-08-23 06:58:29,1,1,895000,895000,895000
210,2026-09-05 17:12:38,1,1,747500,747500,747500
211,2026-08-22 11:08:24,2,2,1495000,747500,747500
212,2026-09-09 15:03:44,2,2,1495000,747500,747500
213,2026-08-23 20:58:38,1,1,895000,895000,895000
214,2026-09-07 14:02:50,1,1,895000,895000,895000
215,2026-08-24 03:22:36,1,1,697500,697500,697500
216,2026-08-23 18:13:18,1,1,747500,747500,747500
217,2026-08-10 14:24:20,1,1,695000,695000,695000
218,2026-08-22 09:03:23,2,2,1695000,847500,847500
219,2026-08-28 13:23:53,1,1,995000,995000,995000
220,2026-08-22 19:19:35,1,1,995000,995000,995000
221,2026-08-23 07:41:37,2,2,1495000,747500,747500
222,2026-08-05 18:52:56,2,2,1595000,797500,797500
223,2026-08-09 20:27:29,1,1,649000,649000,649000
224,2026-09-09 08:55:28,1,1,845000,845000,845000
225,2026-08-05 14:22:34,1,1,874500,874500,874500
226,2026-09-01 17:03:44,1,1,747500,747500,747500
227,2026-08-08 20:08:33,2,2,945000,472500,472500
228,2026-08-09 19:02:28,1,1,645000,645000,645000
228,2026-09-07 07:42:35,1,1,895000,895000,895000
229,2026-08-14 04:19:44,1,1,995000,995000,995000
229,2026-08-23 15:38:51,1,1,845000,845000,845000
230,2026-09-03 15:07:18,1,1,895000,895000,895000
231,2026-09-01 18:08:01,5,5,4122500,824500,824500
232,2026-08-09 10:47:20,1,1,649000,649000,649000
233,2026-08-08 18:51:08,1,1,649000,649000,649000
234,2026-08-12 06:04:03,1,1,495000,495000,495000
235,2026-08-23 16:04:24,1,1,845000,845000,845000
236,2026-08-29 05:27:29,1,1,747500,747500,747500
237,2026-08-23 13:29:45,1,1,895000,895000,895000
238,2026-09-05 13:28:56,1,1,895000,895000,895000
239,2026-08-31 17:06:09,1,1,845000,845000,845000
240,2026-08-22 18:00:15,1,1,645000,645000,645000
241,2026-08-30 17:07:59,1,1,895000,895000,895000
242,2026-08-29 13:44:52,1,1,895000,895000,895000
243,2026-08-24 10:40:35,1,1,895000,895000,895000
244,2026-09-02 10:24:40,1,1,895000,895000,895000
245,2026-09-05 15:54:58,1,1,895000,895000,895000
246,2026-09-07 16:45:55,1,1,995000,995000,995000
247,2026-09-01 14:59:35,2,2,1495000,747500,747500
248,2026-08-22 13:43:42,1,1,747500,747500,747500
249,2026-08-07 19:38:55,1,1,695000,695000,695000
250,2026-09-05 14:54:24,2,2,1495000,747500,747500
251,2026-09-06 18:05:45,1,1,995000,995000,995000
252,2026-09-03 16:36:15,1,1,895000,895000,895000
253,2026-08-30 17:04:49,1,1,895000,895000,895000
254,2026-09-07 14:53:39,2,2,1495000,747500,747500
255,2026-08-26 14:52:53,1,1,895000,895000,895000
256,2026-08-08 17:54:37,1,1,599000,599000,599000
257,2026-08-23 20:56:06,1,1,845000,845000,845000
258,2026-08-10 15:03:03,1,1,649000,649000,649000
259,2026-08-08 07:59:01,1,1,874500,874500,874500
260,2026-08-12 05:32:11,2,2,990000,495000,495000
261,2026-09-06 16:06:04,1,1,895000,895000,895000
262,2026-08-09 09:10:55,1,1,649000,649000,649000
263,2026-08-22 19:53:10,1,1,895000,895000,895000
263,2026-08-25 03:19:38,1,1,600000,600000,600000
264,2026-09-02 18:37:57,2,2,845000,422500,422500
265,2026-08-08 16:25:28,1,1,599000,599000,599000
266,2026-09-02 11:33:22,1,1,1000000,1000000,1000000
267,2026-08-31 08:26:17,1,1,895000,895000,895000
268,2026-08-24 12:52:49,1,1,895000,895000,895000
269,2026-08-25 22:26:03,1,1,747500,747500,747500
270,2026-09-05 14:08:51,1,1,895000,895000,895000
271,2026-09-03 12:55:50,2,2,1495000,747500,747500
272,2026-08-31 18:34:40,1,1,895000,895000,895000
273,2026-09-03 08:17:51,1,1,895000,895000,895000
274,2026-08-30 23:37:30,1,1,697500,697500,697500
275,2026-08-13 09:51:23,1,1,874500,874500,874500
275,2026-09-06 11:58:58,2,2,1395000,697500,697500
276,2026-08-15 12:43:23,2,2,575000,287500,287500
277,2026-08-22 11:24:53,1,1,575000,575000,575000
278,2026-09-06 17:31:06,2,2,1495000,747500,747500
279,2026-08-09 09:48:26,1,1,649000,649000,649000
280,2026-08-05 16:37:02,1,1,824500,824500,824500
281,2026-08-11 12:02:08,1,1,495000,495000,495000
282,2026-08-09 18:55:57,1,1,874500,874500,874500
283,2026-09-09 13:34:09,2,2,1495000,747500,747500
284,2026-08-30 11:56:49,1,1,697500,697500,697500
285,2026-08-30 08:22:49,2,2,1395000,697500,697500
286,2026-08-09 16:16:39,1,1,649000,649000,649000
287,2026-08-19 07:46:07,1,1,695000,695000,695000
288,2026-09-02 08:57:12,1,1,894500,894500,894500
289,2026-08-28 16:24:51,1,1,895000,895000,895000
290,2026-08-23 16:53:02,1,1,747500,747500,747500
291,2026-08-06 10:06:16,2,2,1990000,995000,995000
292,2026-09-06 12:59:39,1,1,697500,697500,697500
293,2026-08-22 11:35:35,1,1,895000,895000,895000
294,2026-08-06 10:39:31,1,1,995000,995000,995000
295,2026-08-06 10:14:55,1,1,695000,695000,695000
296,2026-09-01 10:46:43,1,1,895000,895000,895000
297,2026-08-22 17:26:07,1,1,845000,845000,845000
298,2026-08-23 18:48:14,1,1,697500,697500,697500
299,2026-08-24 16:58:19,1,1,895000,895000,895000
300,2026-09-06 17:58:00,1,1,695000,695000,695000
301,2026-08-31 20:57:15,2,2,1795000,897500,897500
302,2026-09-04 15:20:47,1,1,747500,747500,747500
303,2026-09-04 15:21:52,2,2,1495000,747500,747500
304,2026-08-11 15:52:40,1,1,695000,695000,695000
305,2026-08-31 17:03:19,2,2,1495000,747500,747500
306,2026-09-06 16:18:59,1,1,895000,895000,895000
307,2026-08-23 15:39:57,1,1,845000,845000,845000
308,2026-08-08 14:05:17,2,2,990000,495000,495000
309,2026-09-05 09:55:40,1,1,895000,895000,895000
310,2026-09-06 16:38:02,2,2,1495000,747500,747500
311,2026-08-11 16:15:41,2,2,990000,495000,495000
312,2026-08-23 09:59:13,1,1,747500,747500,747500
313,2026-08-07 11:58:49,1,1,945000,945000,945000
314,2026-08-28 18:44:36,1,1,895000,895000,895000
315,2026-08-23 16:40:25,2,2,1495000,747500,747500
316,2026-08-14 12:59:02,1,1,449500,449500,449500
317,2026-09-04 13:16:14,1,1,895000,895000,895000
318,2026-09-03 17:23:38,1,1,845000,845000,845000
319,2026-08-09 17:25:06,1,1,495000,495000,495000
320,2026-08-08 19:54:31,2,2,999000,499500,499500
321,2026-08-09 16:24:15,1,1,649000,649000,649000
322,2026-08-28 14:03:47,2,2,1495000,747500,747500
323,2026-08-09 18:56:09,2,2,999000,499500,499500
324,2026-08-31 19:22:31,1,1,845000,845000,845000
325,2026-08-06 11:41:17,1,1,995000,995000,995000
326,2026-09-04 10:55:46,2,2,1495000,747500,747500
327,2026-09-06 12:45:38,1,1,895000,895000,895000
328,2026-09-05 10:58:26,2,2,1495000,747500,747500
329,2026-08-09 16:51:47,1,1,649000,649000,649000
330,2026-09-03 15:10:16,2,2,1495000,747500,747500
331,2026-08-09 16:31:09,2,2,999000,499500,499500
332,2026-08-12 06:44:05,1,1,990000,990000,990000
333,2026-08-08 18:25:13,1,1,649000,649000,649000
334,2026-08-07 11:16:14,2,2,1990000,995000,995000
335,2026-08-09 16:07:42,2,2,990000,495000,495000
336,2026-08-09 13:48:41,2,2,990000,495000,495000
337,2026-09-09 15:41:19,1,1,747500,747500,747500
338,2026-08-23 06:47:37,2,2,1495000,747500,747500
339,2026-08-11 12:22:26,1,1,645000,645000,645000
340,2026-08-29 09:29:52,2,2,1195000,597500,597500
341,2026-08-23 11:59:04,1,1,895000,895000,895000
342,2026-08-13 09:48:34,1,1,995000,995000,995000
343,2026-09-01 19:07:54,1,1,895000,895000,895000
344,2026-09-06 14:48:52,1,1,895000,895000,895000
345,2026-09-03 16:33:15,1,1,895000,895000,895000
346,2026-08-18 10:15:05,1,1,874500,874500,874500
347,2026-09-06 18:35:08,1,1,747500,747500,747500
348,2026-08-12 19:17:21,1,1,695000,695000,695000
349,2026-09-09 16:10:16,1,1,747500,747500,747500
350,2026-09-05 18:12:55,1,1,845000,845000,845000
351,2026-08-20 11:12:25,1,1,945000,945000,945000
352,2026-09-03 16:22:06,1,1,845000,845000,845000
353,2026-08-22 11:39:22,1,1,895000,895000,895000
354,2026-09-04 13:47:25,1,1,824500,824500,824500
355,2026-09-02 14:30:26,1,1,845000,845000,845000
356,2026-08-09 13:48:05,1,1,695000,695000,695000
357,2026-08-24 02:46:33,1,1,995000,995000,995000
358,2026-09-09 06:30:33,1,1,845000,845000,845000
359,2026-09-06 18:40:33,1,1,747500,747500,747500
360,2026-08-23 20:57:22,1,1,895000,895000,895000
361,2026-08-17 10:53:42,2,2,1749000,874500,874500
362,2026-09-05 14:52:23,1,1,845000,845000,845000
363,2026-09-04 06:28:52,1,1,894500,894500,894500
364,2026-08-13 00:01:02,1,1,847500,847500,847500
365,2026-08-09 16:15:08,1,1,649000,649000,649000
366,2026-09-06 15:18:37,4,4,895000,223750,223750
367,2026-08-23 18:18:15,1,1,824500,824500,824500
368,2026-08-24 14:21:10,1,1,895000,895000,895000
369,2026-08-09 18:53:23,1,1,449500,449500,449500
370,2026-08-08 14:10:35,1,1,649000,649000,649000
370,2026-08-22 11:14:12,1,1,575000,575000,575000
371,2026-08-09 17:17:09,2,2,990000,495000,495000
372,2026-08-22 15:11:44,1,1,745000,745000,745000
373,2026-08-22 18:58:36,2,2,1495000,747500,747500
374,2026-08-09 19:11:48,1,1,645000,645000,645000
375,2026-09-04 14:19:28,1,1,700000,700000,700000
376,2026-09-03 15:43:04,1,1,695000,695000,695000
377,2026-09-05 19:24:12,2,2,1495000,747500,747500
378,2026-09-04 15:08:47,1,1,895000,895000,895000
379,2026-09-04 11:44:55,1,1,747500,747500,747500
380,2026-08-09 17:19:11,1,1,649000,649000,649000
381,2026-09-09 14:46:43,1,1,895000,895000,895000
382,2026-08-09 18:58:42,2,2,890000,445000,445000
383,2026-09-04 14:11:02,1,1,895000,895000,895000
384,2026-09-04 20:38:50,1,1,845000,845000,845000
385,2026-09-02 14:17:34,2,2,1195000,597500,597500
386,2026-08-19 13:53:46,1,1,700000,700000,700000
387,2026-08-31 09:09:41,1,1,854500,854500,854500
388,2026-08-12 13:28:18,1,1,700000,700000,700000
389,2026-08-09 10:18:12,2,2,990000,495000,495000
389,2026-08-10 19:12:23,1,1,599000,599000,599000
390,2026-09-01 02:23:30,1,1,897500,897500,897500
391,2026-08-14 18:55:11,1,1,874500,874500,874500
392,2026-08-20 13:14:17,1,1,874500,874500,874500
393,2026-08-29 09:45:18,1,1,945000,945000,945000
394,2026-09-05 10:17:43,1,1,895000,895000,895000
395,2026-09-03 11:18:32,1,1,895000,895000,895000
396,2026-09-06 19:15:37,1,1,995000,995000,995000
397,2026-09-05 11:02:15,1,1,895000,895000,895000
398,2026-09-05 18:06:36,1,1,895000,895000,895000
399,2026-09-06 19:02:33,1,1,895000,895000,895000
400,2026-08-09 16:12:09,1,1,649000,649000,649000
401,2026-08-08 22:16:55,1,1,824500,824500,824500
402,2026-08-09 17:25:40,2,2,999000,499500,499500
402,2026-09-03 17:30:08,1,1,845000,845000,845000
403,2026-08-31 10:18:44,1,1,895000,895000,895000
404,2026-09-02 19:30:00,1,1,747500,747500,747500
405,2026-09-05 14:29:26,1,1,895000,895000,895000
406,2026-09-05 13:55:08,1,1,845000,845000,845000
407,2026-09-09 23:11:20,1,1,895000,895000,895000
408,2026-08-10 15:22:41,1,1,649000,649000,649000
409,2026-09-03 21:58:56,1,1,500000,500000,500000
410,2026-08-08 16:51:05,1,1,649000,649000,649000
411,2026-08-30 11:21:33,1,1,854500,854500,854500
412,2026-08-08 14:06:52,2,2,999000,499500,499500
413,2026-08-18 19:40:47,1,1,874500,874500,874500
414,2026-09-05 16:25:16,1,1,895000,895000,895000
415,2026-08-09 04:51:42,1,1,499500,499500,499500
416,2026-09-05 21:19:33,2,2,1395000,697500,697500
417,2026-08-11 10:51:54,1,1,695000,695000,695000
418,2026-08-26 04:03:43,2,2,1495000,747500,747500
419,2026-09-02 10:06:52,2,2,1495000,747500,747500
420,2026-08-14 20:17:00,1,1,695000,695000,695000
421,2026-08-08 20:25:37,2,2,999000,499500,499500
422,2026-09-02 15:30:05,1,1,945000,945000,945000
423,2026-09-01 12:44:58,1,1,747500,747500,747500
424,2026-08-23 17:45:31,2,2,1495000,747500,747500
425,2026-08-24 07:03:39,1,1,850300,850300,850300
426,2026-08-13 09:26:22,1,1,600000,600000,600000
427,2026-08-08 19:23:46,2,2,990000,495000,495000
428,2026-09-04 18:33:44,2,2,1790000,895000,895000
429,2026-09-08 13:04:06,1,1,995000,995000,995000
430,2026-08-04 13:38:06,1,1,895000,895000,895000
430,2026-08-23 16:17:56,1,1,800000,800000,800000
431,2026-09-05 15:28:29,1,1,895000,895000,895000
432,2026-08-29 19:39:58,1,1,895000,895000,895000
432,2026-08-30 10:31:12,1,1,854500,854500,854500
433,2026-08-09 19:40:37,2,2,990000,495000,495000
434,2026-09-06 15:23:19,1,1,845000,845000,845000
435,2026-08-09 16:13:53,2,2,990000,495000,495000
436,2026-08-23 15:04:52,1,1,845000,845000,845000
437,2026-08-04 09:08:31,1,1,895000,895000,895000
437,2026-08-04 09:35:00,1,1,789000,789000,789000
437,2026-08-22 08:23:59,1,1,895000,895000,895000
437,2026-08-30 16:16:42,1,1,100000,100000,100000
438,2026-09-09 13:24:37,1,1,895000,895000,895000
439,2026-08-09 20:20:29,1,1,649000,649000,649000
440,2026-08-24 03:20:05,1,1,747500,747500,747500
441,2026-08-16 09:40:30,1,1,874500,874500,874500
442,2026-08-14 11:21:45,1,1,695000,695000,695000
443,2026-08-04 10:14:38,2,2,1695000,847500,847500
444,2026-09-09 16:46:07,2,2,1495000,747500,747500
445,2026-08-10 00:36:19,1,1,495000,495000,495000
446,2026-08-10 09:02:50,1,1,695000,695000,695000
447,2026-08-23 13:46:56,1,1,845000,845000,845000
448,2026-08-14 14:23:30,2,2,1695000,847500,847500
449,2026-09-06 17:28:24,1,1,895000,895000,895000
450,2026-09-03 06:06:37,1,1,895000,895000,895000
451,2026-08-08 16:24:46,1,1,824500,824500,824500
452,2026-08-25 21:09:34,1,1,845000,845000,845000
453,2026-08-11 17:07:53,1,1,495000,495000,495000
454,2026-09-07 04:33:26,1,1,895000,895000,895000
455,2026-08-25 07:53:50,1,1,895000,895000,895000
456,2026-09-08 17:57:42,1,1,995000,995000,995000
457,2026-08-09 10:16:31,1,1,649000,649000,649000
458,2026-08-22 11:58:37,1,1,845000,845000,845000
459,2026-08-07 11:31:08,1,1,995000,995000,995000
460,2026-08-12 13:12:40,1,1,874500,874500,874500
461,2026-09-05 15:01:05,2,2,1495000,747500,747500
462,2026-08-09 16:45:22,1,1,50000,50000,50000
463,2026-08-25 13:16:31,1,1,895000,895000,895000
464,2026-08-10 18:30:49,1,1,450000,450000,450000
465,2026-09-07 08:21:23,1,1,422500,422500,422500
466,2026-08-26 13:56:39,1,1,895000,895000,895000
467,2026-08-10 13:55:50,1,1,649000,649000,649000
468,2026-08-19 07:10:12,1,1,945000,945000,945000
469,2026-08-08 19:45:24,1,1,495000,495000,495000
470,2026-08-09 17:24:05,2,2,990000,495000,495000
471,2026-09-04 18:12:51,1,1,995000,995000,995000
472,2026-09-06 13:45:12,1,1,895000,895000,895000
473,2026-08-08 13:57:16,1,1,1000000,1000000,1000000
474,2026-08-14 07:16:32,1,1,695000,695000,695000
475,2026-08-24 15:16:31,1,1,995000,995000,995000
476,2026-08-09 14:14:07,2,2,890000,445000,445000
477,2026-08-06 14:52:49,1,1,50000,50000,50000
477,2026-08-18 15:06:11,1,1,945000,945000,945000
478,2026-08-10 00:13:55,1,1,645000,645000,645000
479,2026-08-16 09:40:02,1,1,874500,874500,874500
480,2026-08-04 16:17:19,1,1,1569500,1569500,1569500
481,2026-08-07 13:09:54,1,1,874500,874500,874500
482,2026-08-15 16:30:16,2,2,1695000,847500,847500
483,2026-08-29 19:38:52,1,1,845000,845000,845000
484,2026-08-15 19:17:47,1,1,874500,874500,874500
485,2026-08-22 16:02:00,1,1,845000,845000,845000
486,2026-09-02 09:28:52,1,1,895000,895000,895000
487,2026-09-05 11:02:17,2,2,1495000,747500,747500
488,2026-08-09 16:36:09,1,1,1935000,1935000,1935000
489,2026-08-24 08:47:25,1,1,885000,885000,885000
490,2026-09-04 10:01:44,1,1,845000,845000,845000
491,2026-09-07 09:04:54,1,1,895000,895000,895000
492,2026-08-20 14:21:52,1,1,995000,995000,995000
493,2026-09-02 16:44:53,1,1,995000,995000,995000
494,2026-09-05 19:15:54,1,1,895900,895900,895900
495,2026-09-01 10:30:21,2,2,1495000,747500,747500
496,2026-08-22 15:01:37,1,1,895000,895000,895000
497,2026-08-31 12:11:14,1,1,895000,895000,895000
498,2026-08-10 18:10:53,2,2,900000,450000,450000
499,2026-09-08 13:24:34,1,1,895000,895000,895000
500,2026-08-10 13:21:01,1,1,649000,649000,649000
501,2026-08-20 14:06:32,1,1,874500,874500,874500
502,2026-09-05 10:11:25,1,1,845000,845000,845000
503,2026-08-31 14:40:32,2,2,1494300,747150,747150
504,2026-09-03 06:27:49,1,1,597500,597500,597500
505,2026-08-11 18:00:05,2,2,990000,495000,495000
506,2026-08-27 12:29:06,1,1,895000,895000,895000
507,2026-08-08 20:12:46,1,1,649000,649000,649000
508,2026-08-09 21:33:27,2,2,990000,495000,495000
508,2026-09-03 08:29:32,1,1,575000,575000,575000
509,2026-09-07 16:51:31,1,1,1890000,1890000,1890000
510,2026-09-05 10:34:42,1,1,895000,895000,895000
511,2026-08-08 17:29:42,1,1,495000,495000,495000
512,2026-08-08 16:43:12,1,1,499500,499500,499500
513,2026-08-23 17:34:10,2,2,1395000,697500,697500
514,2026-08-23 09:48:08,1,1,895000,895000,895000
515,2026-09-05 12:09:36,1,1,845000,845000,845000
516,2026-08-08 16:59:49,2,2,990000,495000,495000
517,2026-09-05 12:48:03,1,1,895000,895000,895000
518,2026-08-08 12:37:37,1,1,649000,649000,649000
519,2026-08-10 16:09:27,3,3,1485000,495000,495000
520,2026-08-09 09:27:27,1,1,649000,649000,649000
521,2026-08-12 14:21:51,1,1,645000,645000,645000
522,2026-08-17 16:24:17,1,1,695000,695000,695000
523,2026-09-02 11:00:48,1,1,845000,845000,845000
524,2026-09-01 11:54:01,1,1,894500,894500,894500
525,2026-08-22 15:39:49,1,1,895000,895000,895000
526,2026-08-27 13:32:56,1,1,895000,895000,895000
527,2026-08-09 10:49:47,2,2,990000,495000,495000
528,2026-09-06 16:54:20,1,1,895000,895000,895000
529,2026-08-24 13:11:03,2,2,1495000,747500,747500
530,2026-09-06 19:09:38,1,1,895000,895000,895000
531,2026-08-30 10:04:17,1,1,895000,895000,895000
532,2026-08-08 16:22:47,2,2,999000,499500,499500
533,2026-09-05 10:24:14,1,1,845000,845000,845000
534,2026-08-30 12:55:04,1,1,845000,845000,845000
535,2026-08-30 08:24:30,2,2,1495000,747500,747500
536,2026-08-12 12:22:52,2,2,1695000,847500,847500
537,2026-08-12 04:49:43,2,2,990000,495000,495000
538,2026-08-31 06:14:52,2,2,1495000,747500,747500
539,2026-08-23 20:55:41,1,1,895000,895000,895000
540,2026-09-05 14:57:41,1,1,895000,895000,895000
541,2026-09-02 10:48:17,2,2,1495000,747500,747500
542,2026-08-23 18:26:56,1,1,895000,895000,895000
543,2026-08-09 14:01:24,1,1,495000,495000,495000
544,2026-08-10 06:26:01,1,1,499500,499500,499500
545,2026-09-05 19:45:17,1,1,895000,895000,895000
546,2026-08-10 19:07:51,1,1,649000,649000,649000
547,2026-09-01 15:53:22,2,2,1495000,747500,747500
548,2026-09-08 12:45:32,2,2,1395000,697500,697500
549,2026-08-24 05:25:17,2,2,1644500,822250,822250
550,2026-08-09 16:24:42,1,1,546334,546334,546334
551,2026-09-02 09:58:19,1,1,895000,895000,895000
552,2026-08-26 04:37:12,1,1,747500,747500,747500
553,2026-09-05 18:27:14,1,1,895000,895000,895000
554,2026-08-08 12:44:01,2,2,1000000,500000,500000
555,2026-09-02 09:38:46,2,2,1495000,747500,747500
556,2026-09-05 15:17:14,1,1,747500,747500,747500
557,2026-08-23 16:56:11,1,1,895000,895000,895000
558,2026-09-02 08:49:58,1,1,824500,824500,824500
559,2026-08-23 04:11:37,1,1,845000,845000,845000
560,2026-08-25 14:09:51,1,1,895000,895000,895000
561,2026-09-03 18:55:28,1,1,1890000,1890000,1890000
562,2026-08-17 22:34:23,1,1,874500,874500,874500
563,2026-08-09 17:28:24,1,1,649000,649000,649000
564,2026-08-16 04:38:14,1,1,874500,874500,874500
565,2026-08-30 15:30:24,2,2,1395000,697500,697500
566,2026-08-30 18:45:42,1,1,845000,845000,845000
567,2026-09-09 15:06:26,2,2,1495000,747500,747500
568,2026-08-27 15:10:07,2,2,1495000,747500,747500
569,2026-09-06 08:00:03,1,1,895000,895000,895000
570,2026-08-09 09:24:57,2,2,999000,499500,499500
571,2026-08-04 17:19:52,2,2,1695000,847500,847500
572,2026-09-02 14:54:22,1,1,894500,894500,894500
573,2026-08-30 09:39:42,1,1,895000,895000,895000
574,2026-09-04 16:29:01,1,1,747500,747500,747500
575,2026-08-19 09:21:46,3,3,2473500,824500,824500
576,2026-09-04 17:26:34,1,1,747500,747500,747500
577,2026-08-09 16:26:30,1,1,546333,546333,546333
578,2026-08-21 12:29:55,1,1,824500,824500,824500
579,2026-08-06 16:20:47,1,1,824500,824500,824500
580,2026-08-23 14:38:29,1,1,895000,895000,895000
581,2026-08-23 11:19:47,1,1,895000,895000,895000
582,2026-09-04 15:03:52,1,1,895000,895000,895000
583,2026-08-25 04:27:38,1,1,895000,895000,895000
584,2026-08-10 15:33:39,1,1,649000,649000,649000
585,2026-08-29 19:40:39,2,2,1395000,697500,697500
586,2026-08-12 17:45:53,1,1,874500,874500,874500
587,2026-08-26 21:47:21,1,1,845000,845000,845000
588,2026-08-11 02:43:57,1,1,645000,645000,645000
589,2026-08-09 18:06:31,1,1,599000,599000,599000
590,2026-09-04 11:04:11,1,1,894500,894500,894500
591,2026-09-05 10:13:46,1,1,845000,845000,845000
592,2026-08-19 20:38:02,1,1,824500,824500,824500
593,2026-09-06 19:53:15,1,1,995000,995000,995000
594,2026-09-03 18:16:38,1,1,500000,500000,500000
595,2026-08-22 16:55:59,2,2,1495000,747500,747500
596,2026-09-05 16:26:36,1,1,895000,895000,895000
597,2026-08-09 18:00:04,1,1,599000,599000,599000
598,2026-08-09 09:43:34,2,2,990000,495000,495000
599,2026-08-26 12:25:10,1,1,895000,895000,895000
599,2026-08-31 16:05:26,1,1,895000,895000,895000
600,2026-08-22 15:48:13,1,1,745000,745000,745000
601,2026-09-04 04:51:49,3,3,2242500,747500,747500
601,2026-09-06 14:28:33,2,2,1395000,697500,697500
602,2026-09-05 17:42:39,1,1,845000,845000,845000
603,2026-08-18 16:34:39,1,1,874500,874500,874500
604,2026-09-06 19:17:57,1,1,895000,895000,895000
605,2026-08-26 07:26:53,1,1,895000,895000,895000
606,2026-08-10 18:36:00,1,1,645000,645000,645000
