post_url,channel_username,message_id,course,course_match_status,scenario_post_time,scenario_sales_utc_offset_hours,before_72h_amount_kopecks,after_72h_amount_kopecks,before_72h_lines,after_72h_lines,fits_observed_time_bounds,other_observed_activity_posts_around,interpretation,before_72h_case_amount_rub,after_72h_case_amount_rub
https://t.me/chad_protocol/508,chad_protocol,508,Аналитика про,family_candidate,2026-08-05 15:19:34,0,0,0,0,0,False,10,Тематическое окно; не выручка от поста. Окна разных публикаций пересекаются.,0.0,0.0
https://t.me/chad_protocol/508,chad_protocol,508,ML про,family_candidate,2026-08-05 15:19:34,0,1742500,1749000,2,2,False,10,Тематическое окно; не выручка от поста. Окна разных публикаций пересекаются.,17425.0,17490.0
https://t.me/chad_protocol/508,chad_protocol,508,Backend про,family_candidate,2026-08-05 15:19:34,0,847500,797500,1,1,False,10,Тематическое окно; не выручка от поста. Окна разных публикаций пересекаются.,8475.0,7975.0
https://t.me/chad_protocol/508,chad_protocol,508,Алгоритмы про,family_candidate,2026-08-05 15:19:34,0,0,0,0,0,False,10,Тематическое окно; не выручка от поста. Окна разных публикаций пересекаются.,0.0,0.0
https://t.me/chad_protocol/508,chad_protocol,508,AI агенты,family_candidate,2026-08-05 15:19:34,0,0,0,0,0,False,10,Тематическое окно; не выручка от поста. Окна разных публикаций пересекаются.,0.0,0.0
https://t.me/postypashki_old/1833,postypashki_old,1833,Алгоритмы старт,explicit,2026-08-07 14:22:16,0,0,22465168,0,44,True,13,Тематическое окно; не выручка от поста. Окна разных публикаций пересекаются.,0.0,224651.68
https://t.me/chad_protocol/510,chad_protocol,510,Аналитика старт,family_candidate,2026-08-08 09:24:53,0,0,20396000,0,35,True,15,Тематическое окно; не выручка от поста. Окна разных публикаций пересекаются.,0.0,203960.0
https://t.me/chad_protocol/510,chad_protocol,510,Алгоритмы старт,family_candidate,2026-08-08 09:24:53,0,0,25589168,0,50,True,15,Тематическое окно; не выручка от поста. Окна разных публикаций пересекаются.,0.0,255891.68
https://t.me/chad_protocol/510,chad_protocol,510,Backend старт,family_candidate,2026-08-08 09:24:53,0,3141500,11623666,4,21,True,15,Тематическое окно; не выручка от поста. Окна разных публикаций пересекаются.,31415.0,116236.66
https://t.me/chad_protocol/510,chad_protocol,510,ML старт,family_candidate,2026-08-08 09:24:53,0,2523500,18551333,3,34,True,15,Тематическое окно; не выручка от поста. Окна разных публикаций пересекаются.,25235.0,185513.33
https://t.me/postypashki_mems/1373,postypashki_mems,1373,Аналитика старт,family_candidate,2026-08-08 10:34:46,0,0,20396000,0,35,True,15,Тематическое окно; не выручка от поста. Окна разных публикаций пересекаются.,0.0,203960.0
https://t.me/postypashki_mems/1373,postypashki_mems,1373,Алгоритмы старт,family_candidate,2026-08-08 10:34:46,0,0,25589168,0,50,True,15,Тематическое окно; не выручка от поста. Окна разных публикаций пересекаются.,0.0,255891.68
https://t.me/postypashki_mems/1373,postypashki_mems,1373,Backend старт,family_candidate,2026-08-08 10:34:46,0,3790500,10974666,5,20,True,15,Тематическое окно; не выручка от поста. Окна разных публикаций пересекаются.,37905.0,109746.66
https://t.me/postypashki_mems/1373,postypashki_mems,1373,ML старт,family_candidate,2026-08-08 10:34:46,0,2523500,18551333,3,34,True,15,Тематическое окно; не выручка от поста. Окна разных публикаций пересекаются.,25235.0,185513.33
https://t.me/algoses/594,algoses,594,Аналитика старт,family_candidate,2026-08-08 14:04:16,0,0,20720500,0,36,True,15,Тематическое окно; не выручка от поста. Окна разных публикаций пересекаются.,0.0,207205.0
https://t.me/algoses/594,algoses,594,Алгоритмы старт,family_candidate,2026-08-08 14:04:16,0,2297500,23291668,4,46,True,15,Тематическое окно; не выручка от поста. Окна разных публикаций пересекаются.,22975.0,232916.68
https://t.me/algoses/594,algoses,594,Backend старт,family_candidate,2026-08-08 14:04:16,0,2943000,10974666,4,20,True,15,Тематическое окно; не выручка от поста. Окна разных публикаций пересекаются.,29430.0,109746.66
https://t.me/algoses/594,algoses,594,ML старт,family_candidate,2026-08-08 14:04:16,0,2648500,18046833,4,33,True,15,Тематическое окно; не выручка от поста. Окна разных публикаций пересекаются.,26485.0,180468.33
https://t.me/postypashki_old/1836,postypashki_old,1836,Аналитика старт,family_candidate,2026-08-09 10:32:11,0,6233000,15785500,11,27,True,15,Тематическое окно; не выручка от поста. Окна разных публикаций пересекаются.,62330.0,157855.0
https://t.me/postypashki_old/1836,postypashki_old,1836,Алгоритмы старт,family_candidate,2026-08-09 10:32:11,0,10044000,17525168,19,35,True,15,Тематическое окно; не выручка от поста. Окна разных публикаций пересекаются.,100440.0,175251.68
https://t.me/postypashki_old/1836,postypashki_old,1836,Backend старт,family_candidate,2026-08-09 10:32:11,0,5579500,6693166,10,12,True,15,Тематическое окно; не выручка от поста. Окна разных публикаций пересекаются.,55795.0,66931.66
https://t.me/postypashki_old/1836,postypashki_old,1836,ML старт,family_candidate,2026-08-09 10:32:11,0,7276500,17061833,13,30,True,15,Тематическое окно; не выручка от поста. Окна разных публикаций пересекаются.,72765.0,170618.33
https://t.me/postypashki_old/1837,postypashki_old,1837,Аналитика старт,family_candidate,2026-08-09 15:35:40,0,8675000,15065500,15,25,True,16,Тематическое окно; не выручка от поста. Окна разных публикаций пересекаются.,86750.0,150655.0
https://t.me/postypashki_old/1837,postypashki_old,1837,Алгоритмы старт,family_candidate,2026-08-09 15:35:40,0,12469000,15100168,24,30,True,16,Тематическое окно; не выручка от поста. Окна разных публикаций пересекаются.,124690.0,151001.68
https://t.me/postypashki_old/1837,postypashki_old,1837,Backend старт,family_candidate,2026-08-09 15:35:40,0,6774000,5498666,12,10,True,16,Тематическое окно; не выручка от поста. Окна разных публикаций пересекаются.,67740.0,54986.66
https://t.me/postypashki_old/1837,postypashki_old,1837,ML старт,family_candidate,2026-08-09 15:35:40,0,9206500,15831833,17,27,True,16,Тематическое окно; не выручка от поста. Окна разных публикаций пересекаются.,92065.0,158318.33
https://t.me/postypashki_old/1838,postypashki_old,1838,Аналитика старт,explicit,2026-08-10 13:26:59,0,15311000,9304000,26,15,True,15,Тематическое окно; не выручка от поста. Окна разных публикаций пересекаются.,153110.0,93040.0
https://t.me/algoses/595,algoses,595,Алгоритмы старт,family_candidate,2026-08-10 15:01:31,0,22465168,6853000,44,12,True,15,Тематическое окно; не выручка от поста. Окна разных публикаций пересекаются.,224651.68,68530.0
https://t.me/chad_protocol/512,chad_protocol,512,Аналитика старт,family_candidate,2026-08-10 15:50:40,0,16609000,8006000,28,13,True,15,Тематическое окно; не выручка от поста. Окна разных публикаций пересекаются.,166090.0,80060.0
https://t.me/chad_protocol/512,chad_protocol,512,Алгоритмы старт,family_candidate,2026-08-10 15:50:40,0,23114168,6204000,45,11,True,15,Тематическое окно; не выручка от поста. Окна разных публикаций пересекаются.,231141.68,62040.0
https://t.me/chad_protocol/512,chad_protocol,512,Backend старт,family_candidate,2026-08-10 15:50:40,0,12272666,0,22,0,True,15,Тематическое окно; не выручка от поста. Окна разных публикаций пересекаются.,122726.66,0.0
https://t.me/chad_protocol/512,chad_protocol,512,ML старт,family_candidate,2026-08-10 15:50:40,0,17561333,7852500,32,13,True,15,Тематическое окно; не выручка от поста. Окна разных публикаций пересекаются.,175613.33,78525.0
https://t.me/postypashki_old/1840,postypashki_old,1840,Аналитика старт,family_candidate,2026-08-10 17:33:06,0,17599000,7016000,30,11,True,16,Тематическое окно; не выручка от поста. Окна разных публикаций пересекаются.,175990.0,70160.0
https://t.me/postypashki_old/1840,postypashki_old,1840,Алгоритмы старт,family_candidate,2026-08-10 17:33:06,0,25094168,4224000,49,7,True,16,Тематическое окно; не выручка от поста. Окна разных публикаций пересекаются.,250941.68,42240.0
https://t.me/postypashki_old/1840,postypashki_old,1840,Backend старт,family_candidate,2026-08-10 17:33:06,0,12272666,0,22,0,True,16,Тематическое окно; не выручка от поста. Окна разных публикаций пересекаются.,122726.66,0.0
https://t.me/postypashki_old/1840,postypashki_old,1840,ML старт,family_candidate,2026-08-10 17:33:06,0,18056333,7357500,33,12,True,16,Тематическое окно; не выручка от поста. Окна разных публикаций пересекаются.,180563.33,73575.0
https://t.me/chad_protocol/513,chad_protocol,513,Аналитика старт,family_candidate,2026-08-10 17:43:48,0,17599000,7016000,30,11,True,16,Тематическое окно; не выручка от поста. Окна разных публикаций пересекаются.,175990.0,70160.0
https://t.me/chad_protocol/513,chad_protocol,513,Алгоритмы старт,family_candidate,2026-08-10 17:43:48,0,25094168,4224000,49,7,True,16,Тематическое окно; не выручка от поста. Окна разных публикаций пересекаются.,250941.68,42240.0
https://t.me/chad_protocol/513,chad_protocol,513,Backend старт,family_candidate,2026-08-10 17:43:48,0,12272666,0,22,0,True,16,Тематическое окно; не выручка от поста. Окна разных публикаций пересекаются.,122726.66,0.0
https://t.me/chad_protocol/513,chad_protocol,513,ML старт,family_candidate,2026-08-10 17:43:48,0,18056333,7357500,33,12,True,16,Тематическое окно; не выручка от поста. Окна разных публикаций пересекаются.,180563.33,73575.0
https://t.me/algoses/596,algoses,596,Аналитика старт,family_candidate,2026-08-10 18:49:10,0,19148000,5467000,33,8,True,17,Тематическое окно; не выручка от поста. Окна разных публикаций пересекаются.,191480.0,54670.0
https://t.me/algoses/596,algoses,596,Алгоритмы старт,family_candidate,2026-08-10 18:49:10,0,25094168,4224000,49,7,True,17,Тематическое окно; не выручка от поста. Окна разных публикаций пересекаются.,250941.68,42240.0
https://t.me/algoses/596,algoses,596,Backend старт,family_candidate,2026-08-10 18:49:10,0,12272666,0,22,0,True,17,Тематическое окно; не выручка от поста. Окна разных публикаций пересекаются.,122726.66,0.0
https://t.me/algoses/596,algoses,596,ML старт,family_candidate,2026-08-10 18:49:10,0,18056333,7357500,33,12,True,17,Тематическое окно; не выручка от поста. Окна разных публикаций пересекаются.,180563.33,73575.0
https://t.me/postypashki_mems/1380,postypashki_mems,1380,Аналитика старт,family_candidate,2026-08-10 18:49:44,0,19148000,5467000,33,8,True,17,Тематическое окно; не выручка от поста. Окна разных публикаций пересекаются.,191480.0,54670.0
https://t.me/postypashki_mems/1380,postypashki_mems,1380,Алгоритмы старт,family_candidate,2026-08-10 18:49:44,0,25094168,4224000,49,7,True,17,Тематическое окно; не выручка от поста. Окна разных публикаций пересекаются.,250941.68,42240.0
https://t.me/postypashki_mems/1380,postypashki_mems,1380,Backend старт,family_candidate,2026-08-10 18:49:44,0,12272666,0,22,0,True,17,Тематическое окно; не выручка от поста. Окна разных публикаций пересекаются.,122726.66,0.0
https://t.me/postypashki_mems/1380,postypashki_mems,1380,ML старт,family_candidate,2026-08-10 18:49:44,0,18056333,7357500,33,12,True,17,Тематическое окно; не выручка от поста. Окна разных публикаций пересекаются.,180563.33,73575.0
https://t.me/postypashki_old/1843,postypashki_old,1843,Аналитика про,family_candidate,2026-08-11 15:50:13,0,2759000,2569500,6,3,True,14,Тематическое окно; не выручка от поста. Окна разных публикаций пересекаются.,27590.0,25695.0
https://t.me/postypashki_old/1843,postypashki_old,1843,ML про,family_candidate,2026-08-11 15:50:13,0,874500,1695000,1,2,True,14,Тематическое окно; не выручка от поста. Окна разных публикаций пересекаются.,8745.0,16950.0
https://t.me/postypashki_old/1843,postypashki_old,1843,Backend про,family_candidate,2026-08-11 15:50:13,0,2298000,0,3,0,True,14,Тематическое окно; не выручка от поста. Окна разных публикаций пересекаются.,22980.0,0.0
https://t.me/postypashki_old/1843,postypashki_old,1843,Алгоритмы про,family_candidate,2026-08-11 15:50:13,0,0,495000,0,1,True,14,Тематическое окно; не выручка от поста. Окна разных публикаций пересекаются.,0.0,4950.0
https://t.me/postypashki_old/1843,postypashki_old,1843,AI агенты,family_candidate,2026-08-11 15:50:13,0,0,0,0,0,True,14,Тематическое окно; не выручка от поста. Окна разных публикаций пересекаются.,0.0,0.0
https://t.me/postypashki_old/1844,postypashki_old,1844,Аналитика про,explicit,2026-08-12 16:05:42,0,3107000,1722000,6,2,True,13,Тематическое окно; не выручка от поста. Окна разных публикаций пересекаются.,31070.0,17220.0
https://t.me/postypashki_old/1852,postypashki_old,1852,Аналитика про,family_candidate,2026-08-16 16:39:39,0,495000,1672000,1,2,True,5,Тематическое окно; не выручка от поста. Окна разных публикаций пересекаются.,4950.0,16720.0
https://t.me/postypashki_old/1852,postypashki_old,1852,ML про,family_candidate,2026-08-16 16:39:39,0,847500,0,1,0,True,5,Тематическое окно; не выручка от поста. Окна разных публикаций пересекаются.,8475.0,0.0
https://t.me/postypashki_old/1852,postypashki_old,1852,Backend про,family_candidate,2026-08-16 16:39:39,0,0,700000,0,1,True,5,Тематическое окно; не выручка от поста. Окна разных публикаций пересекаются.,0.0,7000.0
https://t.me/postypashki_old/1852,postypashki_old,1852,Алгоритмы про,family_candidate,2026-08-16 16:39:39,0,0,0,0,0,True,5,Тематическое окно; не выручка от поста. Окна разных публикаций пересекаются.,0.0,0.0
https://t.me/postypashki_old/1852,postypashki_old,1852,AI агенты,family_candidate,2026-08-16 16:39:39,0,0,0,0,0,True,5,Тематическое окно; не выручка от поста. Окна разных публикаций пересекаются.,0.0,0.0
https://t.me/postypashki_old/1859,postypashki_old,1859,Аналитика про,family_candidate,2026-08-22 10:19:48,0,824500,15132500,1,19,True,10,Тематическое окно; не выручка от поста. Окна разных публикаций пересекаются.,8245.0,151325.0
https://t.me/postypashki_old/1859,postypashki_old,1859,ML про,family_candidate,2026-08-22 10:19:48,0,0,11177500,0,14,True,10,Тематическое окно; не выручка от поста. Окна разных публикаций пересекаются.,0.0,111775.0
https://t.me/postypashki_old/1859,postypashki_old,1859,Backend про,family_candidate,2026-08-22 10:19:48,0,1547500,7889750,2,10,True,10,Тематическое окно; не выручка от поста. Окна разных публикаций пересекаются.,15475.0,78897.5
https://t.me/postypashki_old/1859,postypashki_old,1859,Алгоритмы про,family_candidate,2026-08-22 10:19:48,0,847500,5875000,1,8,True,10,Тематическое окно; не выручка от поста. Окна разных публикаций пересекаются.,8475.0,58750.0
https://t.me/postypashki_old/1859,postypashki_old,1859,AI агенты,family_candidate,2026-08-22 10:19:48,0,895000,22230050,1,28,True,10,Тематическое окно; не выручка от поста. Окна разных публикаций пересекаются.,8950.0,222300.5
https://t.me/postypashki_old/1860,postypashki_old,1860,AI агенты,explicit,2026-08-23 08:51:41,0,3880000,23472550,5,29,True,12,Тематическое окно; не выручка от поста. Окна разных публикаций пересекаются.,38800.0,234725.5
https://t.me/chad_protocol/524,chad_protocol,524,Аналитика про,family_candidate,2026-08-23 10:05:55,0,4659500,12045000,6,15,True,12,Тематическое окно; не выручка от поста. Окна разных публикаций пересекаются.,46595.0,120450.0
https://t.me/chad_protocol/524,chad_protocol,524,ML про,family_candidate,2026-08-23 10:05:55,0,3712500,8935000,5,11,True,12,Тематическое окно; не выручка от поста. Окна разных публикаций пересекаются.,37125.0,89350.0
https://t.me/chad_protocol/524,chad_protocol,524,Backend про,family_candidate,2026-08-23 10:05:55,0,5477500,5502250,7,7,True,12,Тематическое окно; не выручка от поста. Окна разных публикаций пересекаются.,54775.0,55022.5
https://t.me/chad_protocol/524,chad_protocol,524,Алгоритмы про,family_candidate,2026-08-23 10:05:55,0,3735000,3882500,5,5,True,12,Тематическое окно; не выручка от поста. Окна разных публикаций пересекаются.,37350.0,38825.0
https://t.me/chad_protocol/524,chad_protocol,524,AI агенты,family_candidate,2026-08-23 10:05:55,0,3880000,24367550,5,30,True,12,Тематическое окно; не выручка от поста. Окна разных публикаций пересекаются.,38800.0,243675.5
https://t.me/algoses/614,algoses,614,Алгоритмы про,explicit,2026-08-23 14:09:54,0,3735000,3882500,5,5,True,12,Тематическое окно; не выручка от поста. Окна разных публикаций пересекаются.,37350.0,38825.0
https://t.me/postypashki_old/1863,postypashki_old,1863,Backend про,explicit,2026-08-23 16:20:03,0,6322500,4657250,8,6,True,11,Тематическое окно; не выручка от поста. Окна разных публикаций пересекаются.,63225.0,46572.5
https://t.me/chad_protocol/527,chad_protocol,527,ML про,explicit,2026-08-24 16:24:29,0,10430000,3810000,13,5,True,12,Тематическое окно; не выручка от поста. Окна разных публикаций пересекаются.,104300.0,38100.0
https://t.me/chad_protocol/527,chad_protocol,527,AI агенты,explicit,2026-08-24 16:24:29,0,20135050,12938750,25,16,True,12,Тематическое окно; не выручка от поста. Окна разных публикаций пересекаются.,201350.5,129387.5
https://t.me/postypashki_mems/1398,postypashki_mems,1398,Аналитика про,family_candidate,2026-08-25 12:25:21,0,15132500,1495000,19,2,True,11,Тематическое окно; не выручка от поста. Окна разных публикаций пересекаются.,151325.0,14950.0
https://t.me/postypashki_mems/1398,postypashki_mems,1398,ML про,family_candidate,2026-08-25 12:25:21,0,10430000,4507500,13,6,True,11,Тематическое окно; не выручка от поста. Окна разных публикаций пересекаются.,104300.0,45075.0
https://t.me/postypashki_mems/1398,postypashki_mems,1398,Backend про,family_candidate,2026-08-25 12:25:21,0,4999750,2990000,6,4,True,11,Тематическое окно; не выручка от поста. Окна разных публикаций пересекаются.,49997.5,29900.0
https://t.me/postypashki_mems/1398,postypashki_mems,1398,Алгоритмы про,family_candidate,2026-08-25 12:25:21,0,5127500,895000,7,1,True,11,Тематическое окно; не выручка от поста. Окна разных публикаций пересекаются.,51275.0,8950.0
https://t.me/postypashki_mems/1398,postypashki_mems,1398,AI агенты,family_candidate,2026-08-25 12:25:21,0,22377550,9053750,28,11,True,11,Тематическое окно; не выручка от поста. Окна разных публикаций пересекаются.,223775.5,90537.5
https://t.me/algoses/615,algoses,615,Аналитика про,family_candidate,2026-08-25 16:10:56,0,14287500,1495000,18,2,True,12,Тематическое окно; не выручка от поста. Окна разных публикаций пересекаются.,142875.0,14950.0
https://t.me/algoses/615,algoses,615,ML про,family_candidate,2026-08-25 16:10:56,0,11152500,3785000,14,5,True,12,Тематическое окно; не выручка от поста. Окна разных публикаций пересекаются.,111525.0,37850.0
https://t.me/algoses/615,algoses,615,Backend про,family_candidate,2026-08-25 16:10:56,0,4999750,2990000,6,4,True,12,Тематическое окно; не выручка от поста. Окна разных публикаций пересекаются.,49997.5,29900.0
https://t.me/algoses/615,algoses,615,Алгоритмы про,family_candidate,2026-08-25 16:10:56,0,4380000,895000,6,1,True,12,Тематическое окно; не выручка от поста. Окна разных публикаций пересекаются.,43800.0,8950.0
https://t.me/algoses/615,algoses,615,AI агенты,family_candidate,2026-08-25 16:10:56,0,21782550,8158750,27,10,True,12,Тематическое окно; не выручка от поста. Окна разных публикаций пересекаются.,217825.5,81587.5
https://t.me/chad_protocol/528,chad_protocol,528,Аналитика про,family_candidate,2026-08-26 16:16:56,0,10452500,1195000,13,2,True,9,Тематическое окно; не выручка от поста. Окна разных публикаций пересекаются.,104525.0,11950.0
https://t.me/chad_protocol/528,chad_protocol,528,ML про,family_candidate,2026-08-26 16:16:56,0,7145000,5427500,9,7,True,9,Тематическое окно; не выручка от поста. Окна разных публикаций пересекаются.,71450.0,54275.0
https://t.me/chad_protocol/528,chad_protocol,528,Backend про,family_candidate,2026-08-26 16:16:56,0,4657250,747500,6,1,True,9,Тематическое окно; не выручка от поста. Окна разных публикаций пересекаются.,46572.5,7475.0
https://t.me/chad_protocol/528,chad_protocol,528,Алгоритмы про,family_candidate,2026-08-26 16:16:56,0,3037500,0,4,0,True,9,Тематическое окно; не выручка от поста. Окна разных публикаций пересекаются.,30375.0,0.0
https://t.me/chad_protocol/528,chad_protocol,528,AI агенты,family_candidate,2026-08-26 16:16:56,0,20887550,5721250,26,7,True,9,Тематическое окно; не выручка от поста. Окна разных публикаций пересекаются.,208875.5,57212.5
https://t.me/postypashki_old/1870,postypashki_old,1870,Backend про,explicit,2026-08-28 16:05:59,0,2990000,3582500,4,4,True,8,Тематическое окно; не выручка от поста. Окна разных публикаций пересекаются.,29900.0,35825.0
https://t.me/chad_protocol/529,chad_protocol,529,Аналитика про,family_candidate,2026-08-29 09:17:00,0,747500,8754650,1,11,True,8,Тематическое окно; не выручка от поста. Окна разных публикаций пересекаются.,7475.0,87546.5
https://t.me/chad_protocol/529,chad_protocol,529,ML про,family_candidate,2026-08-29 09:17:00,0,4532500,6320000,6,8,True,8,Тематическое окно; не выручка от поста. Окна разных публикаций пересекаются.,45325.0,63200.0
https://t.me/chad_protocol/529,chad_protocol,529,Backend про,family_candidate,2026-08-29 09:17:00,0,747500,3582500,1,4,True,8,Тематическое окно; не выручка от поста. Окна разных публикаций пересекаются.,7475.0,35825.0
https://t.me/chad_protocol/529,chad_protocol,529,Алгоритмы про,family_candidate,2026-08-29 09:17:00,0,0,2840000,0,4,True,8,Тематическое окно; не выручка от поста. Окна разных публикаций пересекаются.,0.0,28400.0
https://t.me/chad_protocol/529,chad_protocol,529,AI агенты,family_candidate,2026-08-29 09:17:00,0,5721250,12611000,7,16,True,8,Тематическое окно; не выручка от поста. Окна разных публикаций пересекаются.,57212.5,126110.0
https://t.me/postypashki_old/1872,postypashki_old,1872,Аналитика про,family_candidate,2026-08-29 18:58:58,0,1195000,12780650,2,15,True,8,Тематическое окно; не выручка от поста. Окна разных публикаций пересекаются.,11950.0,127806.5
https://t.me/postypashki_old/1872,postypashki_old,1872,ML про,family_candidate,2026-08-29 18:58:58,0,5427500,6772500,7,9,True,8,Тематическое окно; не выручка от поста. Окна разных публикаций пересекаются.,54275.0,67725.0
https://t.me/postypashki_old/1872,postypashki_old,1872,Backend про,family_candidate,2026-08-29 18:58:58,0,747500,4330000,1,5,True,8,Тематическое окно; не выручка от поста. Окна разных публикаций пересекаются.,7475.0,43300.0
https://t.me/postypashki_old/1872,postypashki_old,1872,Алгоритмы про,family_candidate,2026-08-29 18:58:58,0,0,3587500,0,5,True,8,Тематическое окно; не выручка от поста. Окна разных публикаций пересекаются.,0.0,35875.0
https://t.me/postypashki_old/1872,postypashki_old,1872,AI агенты,family_candidate,2026-08-29 18:58:58,0,5721250,13456000,7,17,True,8,Тематическое окно; не выручка от поста. Окна разных публикаций пересекаются.,57212.5,134560.0
https://t.me/chad_protocol/531,chad_protocol,531,Аналитика про,family_candidate,2026-08-30 15:47:10,0,2040000,13871650,3,16,True,9,Тематическое окно; не выручка от поста. Окна разных публикаций пересекаются.,20400.0,138716.5
https://t.me/chad_protocol/531,chad_protocol,531,ML про,family_candidate,2026-08-30 15:47:10,0,6822500,6125000,9,8,True,9,Тематическое окно; не выручка от поста. Окна разных публикаций пересекаются.,68225.0,61250.0
https://t.me/chad_protocol/531,chad_protocol,531,Backend про,family_candidate,2026-08-30 15:47:10,0,895000,8385000,1,10,True,9,Тематическое окно; не выручка от поста. Окна разных публикаций пересекаются.,8950.0,83850.0
https://t.me/chad_protocol/531,chad_protocol,531,Алгоритмы про,family_candidate,2026-08-30 15:47:10,0,1395000,3687500,2,5,True,9,Тематическое окно; не выручка от поста. Окна разных публикаций пересекаются.,13950.0,36875.0
https://t.me/chad_protocol/531,chad_protocol,531,AI агенты,family_candidate,2026-08-30 15:47:10,0,8274000,8367000,10,11,True,9,Тематическое окно; не выручка от поста. Окна разных публикаций пересекаются.,82740.0,83670.0
https://t.me/postypashki_old/1875,postypashki_old,1875,Аналитика про,family_candidate,2026-08-31 14:11:02,0,3632500,13124150,5,15,True,10,Тематическое окно; не выручка от поста. Окна разных публикаций пересекаются.,36325.0,131241.5
https://t.me/postypashki_old/1875,postypashki_old,1875,ML про,family_candidate,2026-08-31 14:11:02,0,7067500,6225000,9,8,True,10,Тематическое окно; не выручка от поста. Окна разных публикаций пересекаются.,70675.0,62250.0
https://t.me/postypashki_old/1875,postypashki_old,1875,Backend про,family_candidate,2026-08-31 14:11:02,0,3582500,8012500,4,11,True,10,Тематическое окно; не выручка от поста. Окна разных публикаций пересекаются.,35825.0,80125.0
https://t.me/postypashki_old/1875,postypashki_old,1875,Алгоритмы про,family_candidate,2026-08-31 14:11:02,0,2092500,4485000,3,6,True,10,Тематическое окно; не выручка от поста. Окна разных публикаций пересекаются.,20925.0,44850.0
https://t.me/postypashki_old/1875,postypashki_old,1875,AI агенты,family_candidate,2026-08-31 14:11:02,0,11766000,4875000,15,6,True,10,Тематическое окно; не выручка от поста. Окна разных публикаций пересекаются.,117660.0,48750.0
https://t.me/chad_protocol/535,chad_protocol,535,Аналитика про,family_candidate,2026-09-01 16:07:17,0,10991150,17010500,13,20,True,10,Тематическое окно; не выручка от поста. Окна разных публикаций пересекаются.,109911.5,170105.0
https://t.me/chad_protocol/535,chad_protocol,535,ML про,family_candidate,2026-09-01 16:07:17,0,6772500,6322500,9,8,True,10,Тематическое окно; не выручка от поста. Окна разных публикаций пересекаются.,67725.0,63225.0
https://t.me/chad_protocol/535,chad_protocol,535,Backend про,family_candidate,2026-09-01 16:07:17,0,4330000,10696500,5,14,True,10,Тематическое окно; не выручка от поста. Окна разных публикаций пересекаются.,43300.0,106965.0
https://t.me/chad_protocol/535,chad_protocol,535,Алгоритмы про,family_candidate,2026-09-01 16:07:17,0,3587500,4535000,5,6,True,10,Тематическое окно; не выручка от поста. Окна разных публикаций пересекаются.,35875.0,45350.0
https://t.me/chad_protocol/535,chad_protocol,535,AI агенты,family_candidate,2026-09-01 16:07:17,0,13456000,5630000,17,8,True,10,Тематическое окно; не выручка от поста. Окна разных публикаций пересекаются.,134560.0,56300.0
https://t.me/postypashki_old/1876,postypashki_old,1876,Аналитика про,family_candidate,2026-09-01 17:40:56,0,11885650,16116000,14,19,True,10,Тематическое окно; не выручка от поста. Окна разных публикаций пересекаются.,118856.5,161160.0
https://t.me/postypashki_old/1876,postypashki_old,1876,ML про,family_candidate,2026-09-01 17:40:56,0,6772500,7070000,9,9,True,10,Тематическое окно; не выручка от поста. Окна разных публикаций пересекаются.,67725.0,70700.0
https://t.me/postypashki_old/1876,postypashki_old,1876,Backend про,family_candidate,2026-09-01 17:40:56,0,4330000,10696500,5,14,True,10,Тематическое окно; не выручка от поста. Окна разных публикаций пересекаются.,43300.0,106965.0
https://t.me/postypashki_old/1876,postypashki_old,1876,Алгоритмы про,family_candidate,2026-09-01 17:40:56,0,3587500,4535000,5,6,True,10,Тематическое окно; не выручка от поста. Окна разных публикаций пересекаются.,35875.0,45350.0
https://t.me/postypashki_old/1876,postypashki_old,1876,AI агенты,family_candidate,2026-09-01 17:40:56,0,13456000,5630000,17,8,True,10,Тематическое окно; не выручка от поста. Окна разных публикаций пересекаются.,134560.0,56300.0
https://t.me/algoses/620,algoses,620,Аналитика про,family_candidate,2026-09-02 15:21:30,0,13871650,20000000,16,24,True,8,Тематическое окно; не выручка от поста. Окна разных публикаций пересекаются.,138716.5,200000.0
https://t.me/algoses/620,algoses,620,ML про,family_candidate,2026-09-02 15:21:30,0,6125000,12192500,8,15,True,8,Тематическое окно; не выручка от поста. Окна разных публикаций пересекаются.,61250.0,121925.0
https://t.me/algoses/620,algoses,620,Backend про,family_candidate,2026-09-02 15:21:30,0,8385000,9926500,10,13,True,8,Тематическое окно; не выручка от поста. Окна разных публикаций пересекаются.,83850.0,99265.0
https://t.me/algoses/620,algoses,620,Алгоритмы про,family_candidate,2026-09-02 15:21:30,0,4385000,4830000,6,6,True,8,Тематическое окно; не выручка от поста. Окна разных публикаций пересекаются.,43850.0,48300.0
https://t.me/algoses/620,algoses,620,AI агенты,family_candidate,2026-09-02 15:21:30,0,8367000,5925000,11,8,True,8,Тематическое окно; не выручка от поста. Окна разных публикаций пересекаются.,83670.0,59250.0
https://t.me/postypashki_old/1877,postypashki_old,1877,Аналитика про,family_candidate,2026-09-02 16:06:05,0,13871650,20895000,16,25,True,8,Тематическое окно; не выручка от поста. Окна разных публикаций пересекаются.,138716.5,208950.0
https://t.me/postypashki_old/1877,postypashki_old,1877,ML про,family_candidate,2026-09-02 16:06:05,0,6125000,12192500,8,15,True,8,Тематическое окно; не выручка от поста. Окна разных публикаций пересекаются.,61250.0,121925.0
https://t.me/postypashki_old/1877,postypashki_old,1877,Backend про,family_candidate,2026-09-02 16:06:05,0,8385000,10821500,10,14,True,8,Тематическое окно; не выручка от поста. Окна разных публикаций пересекаются.,83850.0,108215.0
https://t.me/postypashki_old/1877,postypashki_old,1877,Алгоритмы про,family_candidate,2026-09-02 16:06:05,0,3687500,4830000,5,6,True,8,Тематическое окно; не выручка от поста. Окна разных публикаций пересекаются.,36875.0,48300.0
https://t.me/postypashki_old/1877,postypashki_old,1877,AI агенты,family_candidate,2026-09-02 16:06:05,0,8367000,5925000,11,8,True,8,Тематическое окно; не выручка от поста. Окна разных публикаций пересекаются.,83670.0,59250.0
https://t.me/postypashki_old/1878,postypashki_old,1878,Аналитика про,family_candidate,2026-09-03 16:06:06,0,14914500,22192500,17,27,True,10,Тематическое окно; не выручка от поста. Окна разных публикаций пересекаются.,149145.0,221925.0
https://t.me/postypashki_old/1878,postypashki_old,1878,ML про,family_candidate,2026-09-03 16:06:06,0,6225000,27015000,8,34,True,10,Тематическое окно; не выручка от поста. Окна разных публикаций пересекаются.,62250.0,270150.0
https://t.me/postypashki_old/1878,postypashki_old,1878,Backend про,family_candidate,2026-09-03 16:06:06,0,8012500,14129000,11,17,True,10,Тематическое окно; не выручка от поста. Окна разных публикаций пересекаются.,80125.0,141290.0
https://t.me/postypashki_old/1878,postypashki_old,1878,Алгоритмы про,family_candidate,2026-09-03 16:06:06,0,4485000,5873400,6,7,True,10,Тематическое окно; не выручка от поста. Окна разных публикаций пересекаются.,44850.0,58734.0
https://t.me/postypashki_old/1878,postypashki_old,1878,AI агенты,family_candidate,2026-09-03 16:06:06,0,3980000,12890000,5,18,True,10,Тематическое окно; не выручка от поста. Окна разных публикаций пересекаются.,39800.0,128900.0
https://t.me/postypashki_mems/1410,postypashki_mems,1410,Аналитика про,family_candidate,2026-09-03 16:15:26,0,14914500,22192500,17,27,True,10,Тематическое окно; не выручка от поста. Окна разных публикаций пересекаются.,149145.0,221925.0
https://t.me/postypashki_mems/1410,postypashki_mems,1410,ML про,family_candidate,2026-09-03 16:15:26,0,6225000,27015000,8,34,True,10,Тематическое окно; не выручка от поста. Окна разных публикаций пересекаются.,62250.0,270150.0
https://t.me/postypashki_mems/1410,postypashki_mems,1410,Backend про,family_candidate,2026-09-03 16:15:26,0,8012500,14129000,11,17,True,10,Тематическое окно; не выручка от поста. Окна разных публикаций пересекаются.,80125.0,141290.0
https://t.me/postypashki_mems/1410,postypashki_mems,1410,Алгоритмы про,family_candidate,2026-09-03 16:15:26,0,4485000,5873400,6,7,True,10,Тематическое окно; не выручка от поста. Окна разных публикаций пересекаются.,44850.0,58734.0
https://t.me/postypashki_mems/1410,postypashki_mems,1410,AI агенты,family_candidate,2026-09-03 16:15:26,0,3980000,12890000,5,18,True,10,Тематическое окно; не выручка от поста. Окна разных публикаций пересекаются.,39800.0,128900.0
https://t.me/postypashki_mems/1412,postypashki_mems,1412,Аналитика про,family_candidate,2026-09-05 15:50:19,0,20895000,9755000,25,12,True,15,Тематическое окно; не выручка от поста. Окна разных публикаций пересекаются.,208950.0,97550.0
https://t.me/postypashki_mems/1412,postypashki_mems,1412,ML про,family_candidate,2026-09-05 15:50:19,0,12192500,24625000,15,31,True,15,Тематическое окно; не выручка от поста. Окна разных публикаций пересекаются.,121925.0,246250.0
https://t.me/postypashki_mems/1412,postypashki_mems,1412,Backend про,family_candidate,2026-09-05 15:50:19,0,9926500,8257500,13,10,True,15,Тематическое окно; не выручка от поста. Окна разных публикаций пересекаются.,99265.0,82575.0
https://t.me/postypashki_mems/1412,postypashki_mems,1412,Алгоритмы про,family_candidate,2026-09-05 15:50:19,0,4830000,5075900,6,6,True,15,Тематическое окно; не выручка от поста. Окна разных публикаций пересекаются.,48300.0,50759.0
https://t.me/postypashki_mems/1412,postypashki_mems,1412,AI агенты,family_candidate,2026-09-05 15:50:19,0,5925000,13335000,8,18,True,15,Тематическое окно; не выручка от поста. Окна разных публикаций пересекаются.,59250.0,133350.0
https://t.me/postypashki_old/1880,postypashki_old,1880,Аналитика про,family_candidate,2026-09-06 09:06:06,0,21642500,9852500,26,12,True,14,Тематическое окно; не выручка от поста. Окна разных публикаций пересекаются.,216425.0,98525.0
https://t.me/postypashki_old/1880,postypashki_old,1880,ML про,family_candidate,2026-09-06 09:06:06,0,23335000,13285000,28,18,True,14,Тематическое окно; не выручка от поста. Окна разных публикаций пересекаются.,233350.0,132850.0
https://t.me/postypashki_old/1880,postypashki_old,1880,Backend про,family_candidate,2026-09-06 09:06:06,0,11641500,4227500,14,5,True,14,Тематическое окно; не выручка от поста. Окна разных публикаций пересекаются.,116415.0,42275.0
https://t.me/postypashki_old/1880,postypashki_old,1880,Алгоритмы про,family_candidate,2026-09-06 09:06:06,0,5725900,4182500,7,5,True,14,Тематическое окно; не выручка от поста. Окна разных публикаций пересекаются.,57259.0,41825.0
https://t.me/postypashki_old/1880,postypashki_old,1880,AI агенты,family_candidate,2026-09-06 09:06:06,0,5925000,14032500,8,19,True,14,Тематическое окно; не выручка от поста. Окна разных публикаций пересекаются.,59250.0,140325.0
https://t.me/postypashki_old/1882,postypashki_old,1882,Backend старт,explicit,2026-09-06 15:04:47,0,3137500,895000,4,1,True,16,Тематическое окно; не выручка от поста. Окна разных публикаций пересекаются.,31375.0,8950.0
https://t.me/postypashki_old/1882,postypashki_old,1882,Алгоритмы старт,explicit,2026-09-06 15:04:47,0,1595000,3587500,2,6,True,16,Тематическое окно; не выручка от поста. Окна разных публикаций пересекаются.,15950.0,35875.0
https://t.me/postypashki_old/1883,postypashki_old,1883,Аналитика про,family_candidate,2026-09-06 17:44:11,0,21200000,6017500,26,7,True,17,Тематическое окно; не выручка от поста. Окна разных публикаций пересекаются.,212000.0,60175.0
https://t.me/postypashki_mems/1423,postypashki_mems,1423,Аналитика про,explicit,2026-09-08 14:10:56,0,13040000,2585000,16,3,False,20,Тематическое окно; не выручка от поста. Окна разных публикаций пересекаются.,130400.0,25850.0
https://t.me/postypashki_old/1895,postypashki_old,1895,Алгоритмы про,family_candidate,2026-09-08 15:27:01,0,5075900,3740000,6,5,False,20,Тематическое окно; не выручка от поста. Окна разных публикаций пересекаются.,50759.0,37400.0
https://t.me/postypashki_mems/1424,postypashki_mems,1424,Аналитика про,family_candidate,2026-09-09 13:33:48,0,8357500,0,10,0,False,17,Тематическое окно; не выручка от поста. Окна разных публикаций пересекаются.,83575.0,0.0
https://t.me/postypashki_mems/1424,postypashki_mems,1424,ML про,family_candidate,2026-09-09 13:33:48,0,10150000,747500,14,1,False,17,Тематическое окно; не выручка от поста. Окна разных публикаций пересекаются.,101500.0,7475.0
https://t.me/postypashki_mems/1424,postypashki_mems,1424,Backend про,family_candidate,2026-09-09 13:33:48,0,3332500,0,4,0,False,17,Тематическое окно; не выручка от поста. Окна разных публикаций пересекаются.,33325.0,0.0
https://t.me/postypashki_mems/1424,postypashki_mems,1424,Алгоритмы про,family_candidate,2026-09-09 13:33:48,0,4182500,2990000,5,4,False,17,Тематическое окно; не выручка от поста. Окна разных публикаций пересекаются.,41825.0,29900.0
https://t.me/postypashki_mems/1424,postypashki_mems,1424,AI агенты,family_candidate,2026-09-09 13:33:48,0,10052500,1495000,14,2,False,17,Тематическое окно; не выручка от поста. Окна разных публикаций пересекаются.,100525.0,14950.0
https://t.me/algoses/625,algoses,625,Алгоритмы про,explicit,2026-09-09 15:34:11,0,4782500,1495000,6,2,False,16,Тематическое окно; не выручка от поста. Окна разных публикаций пересекаются.,47825.0,14950.0
https://t.me/algoses/626,algoses,626,Алгоритмы про,family_candidate,2026-09-09 16:35:27,0,5530000,747500,7,1,False,16,Тематическое окно; не выручка от поста. Окна разных публикаций пересекаются.,55300.0,7475.0
https://t.me/chad_protocol/543,chad_protocol,543,Алгоритмы про,explicit,2026-09-09 17:04:50,0,6277500,0,8,0,False,15,Тематическое окно; не выручка от поста. Окна разных публикаций пересекаются.,62775.0,0.0
https://t.me/postypashki_old/1899,postypashki_old,1899,Аналитика про,explicit,2026-09-10 14:06:13,0,3480000,0,4,0,False,10,Тематическое окно; не выручка от поста. Окна разных публикаций пересекаются.,34800.0,0.0
https://t.me/chad_protocol/508,chad_protocol,508,Аналитика про,family_candidate,2026-08-05 18:19:34,3,0,499500,0,1,False,10,Тематическое окно; не выручка от поста. Окна разных публикаций пересекаются.,0.0,4995.0
https://t.me/chad_protocol/508,chad_protocol,508,ML про,family_candidate,2026-08-05 18:19:34,3,1742500,1749000,2,2,False,10,Тематическое окно; не выручка от поста. Окна разных публикаций пересекаются.,17425.0,17490.0
https://t.me/chad_protocol/508,chad_protocol,508,Backend про,family_candidate,2026-08-05 18:19:34,3,847500,1622000,1,2,False,10,Тематическое окно; не выручка от поста. Окна разных публикаций пересекаются.,8475.0,16220.0
https://t.me/chad_protocol/508,chad_protocol,508,Алгоритмы про,family_candidate,2026-08-05 18:19:34,3,0,0,0,0,False,10,Тематическое окно; не выручка от поста. Окна разных публикаций пересекаются.,0.0,0.0
https://t.me/chad_protocol/508,chad_protocol,508,AI агенты,family_candidate,2026-08-05 18:19:34,3,0,0,0,0,False,10,Тематическое окно; не выручка от поста. Окна разных публикаций пересекаются.,0.0,0.0
https://t.me/postypashki_old/1833,postypashki_old,1833,Алгоритмы старт,explicit,2026-08-07 17:22:16,3,0,25094168,0,49,True,13,Тематическое окно; не выручка от поста. Окна разных публикаций пересекаются.,0.0,250941.68
https://t.me/chad_protocol/510,chad_protocol,510,Аналитика старт,family_candidate,2026-08-08 12:24:53,3,0,20396000,0,35,True,15,Тематическое окно; не выручка от поста. Окна разных публикаций пересекаются.,0.0,203960.0
https://t.me/chad_protocol/510,chad_protocol,510,Алгоритмы старт,family_candidate,2026-08-08 12:24:53,3,0,25589168,0,50,True,15,Тематическое окно; не выручка от поста. Окна разных публикаций пересекаются.,0.0,255891.68
https://t.me/chad_protocol/510,chad_protocol,510,Backend старт,family_candidate,2026-08-08 12:24:53,3,3790500,10974666,5,20,True,15,Тематическое окно; не выручка от поста. Окна разных публикаций пересекаются.,37905.0,109746.66
https://t.me/chad_protocol/510,chad_protocol,510,ML старт,family_candidate,2026-08-08 12:24:53,3,2523500,19046333,3,35,True,15,Тематическое окно; не выручка от поста. Окна разных публикаций пересекаются.,25235.0,190463.33
https://t.me/postypashki_mems/1373,postypashki_mems,1373,Аналитика старт,family_candidate,2026-08-08 13:34:46,3,0,20720500,0,36,True,15,Тематическое окно; не выручка от поста. Окна разных публикаций пересекаются.,0.0,207205.0
https://t.me/postypashki_mems/1373,postypashki_mems,1373,Алгоритмы старт,family_candidate,2026-08-08 13:34:46,3,2297500,23291668,4,46,True,15,Тематическое окно; не выручка от поста. Окна разных публикаций пересекаются.,22975.0,232916.68
https://t.me/postypashki_mems/1373,postypashki_mems,1373,Backend старт,family_candidate,2026-08-08 13:34:46,3,2943000,10974666,4,20,True,15,Тематическое окно; не выручка от поста. Окна разных публикаций пересекаются.,29430.0,109746.66
https://t.me/postypashki_mems/1373,postypashki_mems,1373,ML старт,family_candidate,2026-08-08 13:34:46,3,2648500,18046833,4,33,True,15,Тематическое окно; не выручка от поста. Окна разных публикаций пересекаются.,26485.0,180468.33
https://t.me/algoses/594,algoses,594,Аналитика старт,family_candidate,2026-08-08 17:04:16,3,994500,20375000,2,35,True,15,Тематическое окно; не выручка от поста. Окна разных публикаций пересекаются.,9945.0,203750.0
https://t.me/algoses/594,algoses,594,Алгоритмы старт,family_candidate,2026-08-08 17:04:16,3,4786000,21298168,9,42,True,15,Тематическое окно; не выручка от поста. Окна разных публикаций пересекаются.,47860.0,212981.68
https://t.me/algoses/594,algoses,594,Backend старт,family_candidate,2026-08-08 17:04:16,3,4883000,8187166,8,15,True,15,Тематическое окно; не выручка от поста. Окна разных публикаций пересекаются.,48830.0,81871.66
https://t.me/algoses/594,algoses,594,ML старт,family_candidate,2026-08-08 17:04:16,3,2922500,17443333,5,32,True,15,Тематическое окно; не выручка от поста. Окна разных публикаций пересекаются.,29225.0,174433.33
https://t.me/postypashki_old/1836,postypashki_old,1836,Аналитика старт,family_candidate,2026-08-09 13:32:11,3,8675000,15065500,15,25,True,15,Тематическое окно; не выручка от поста. Окна разных публикаций пересекаются.,86750.0,150655.0
https://t.me/postypashki_old/1836,postypashki_old,1836,Алгоритмы старт,family_candidate,2026-08-09 13:32:11,3,11034000,16535168,21,33,True,15,Тематическое окно; не выручка от поста. Окна разных публикаций пересекаются.,110340.0,165351.68
https://t.me/postypashki_old/1836,postypashki_old,1836,Backend старт,family_candidate,2026-08-09 13:32:11,3,6079000,6193666,11,11,True,15,Тематическое окно; не выручка от поста. Окна разных публикаций пересекаются.,60790.0,61936.66
https://t.me/postypashki_old/1836,postypashki_old,1836,ML старт,family_candidate,2026-08-09 13:32:11,3,7771500,17266833,14,30,True,15,Тематическое окно; не выручка от поста. Окна разных публикаций пересекаются.,77715.0,172668.33
https://t.me/postypashki_old/1837,postypashki_old,1837,Аналитика старт,family_candidate,2026-08-09 18:35:40,3,12265500,12349500,21,20,True,16,Тематическое окно; не выручка от поста. Окна разных публикаций пересекаются.,122655.0,123495.0
https://t.me/postypashki_old/1837,postypashki_old,1837,Алгоритмы старт,family_candidate,2026-08-09 18:35:40,3,17992668,9576500,35,19,True,16,Тематическое окно; не выручка от поста. Окна разных публикаций пересекаются.,179926.68,95765.0
https://t.me/postypashki_old/1837,postypashki_old,1837,Backend старт,family_candidate,2026-08-09 18:35:40,3,8515666,3757000,15,7,True,16,Тематическое окно; не выручка от поста. Окна разных публикаций пересекаются.,85156.66,37570.0
https://t.me/postypashki_old/1837,postypashki_old,1837,ML старт,family_candidate,2026-08-09 18:35:40,3,14602833,10211000,27,17,True,16,Тематическое окно; не выручка от поста. Окна разных публикаций пересекаются.,146028.33,102110.0
https://t.me/postypashki_old/1838,postypashki_old,1838,Аналитика старт,explicit,2026-08-10 16:26:59,3,17104000,7511000,29,12,True,15,Тематическое окно; не выручка от поста. Окна разных публикаций пересекаются.,171040.0,75110.0
https://t.me/algoses/595,algoses,595,Алгоритмы старт,family_candidate,2026-08-10 18:01:31,3,25094168,4224000,49,7,True,15,Тематическое окно; не выручка от поста. Окна разных публикаций пересекаются.,250941.68,42240.0
https://t.me/chad_protocol/512,chad_protocol,512,Аналитика старт,family_candidate,2026-08-10 18:50:40,3,19148000,5467000,33,8,True,15,Тематическое окно; не выручка от поста. Окна разных публикаций пересекаются.,191480.0,54670.0
https://t.me/chad_protocol/512,chad_protocol,512,Алгоритмы старт,family_candidate,2026-08-10 18:50:40,3,25094168,4224000,49,7,True,15,Тематическое окно; не выручка от поста. Окна разных публикаций пересекаются.,250941.68,42240.0
https://t.me/chad_protocol/512,chad_protocol,512,Backend старт,family_candidate,2026-08-10 18:50:40,3,12272666,0,22,0,True,15,Тематическое окно; не выручка от поста. Окна разных публикаций пересекаются.,122726.66,0.0
https://t.me/chad_protocol/512,chad_protocol,512,ML старт,family_candidate,2026-08-10 18:50:40,3,18056333,7357500,33,12,True,15,Тематическое окно; не выручка от поста. Окна разных публикаций пересекаются.,180563.33,73575.0
https://t.me/postypashki_old/1840,postypashki_old,1840,Аналитика старт,family_candidate,2026-08-10 20:33:06,3,20396000,4219000,35,6,True,16,Тематическое окно; не выручка от поста. Окна разных публикаций пересекаются.,203960.0,42190.0
https://t.me/postypashki_old/1840,postypashki_old,1840,Алгоритмы старт,family_candidate,2026-08-10 20:33:06,3,25094168,4224000,49,7,True,16,Тематическое окно; не выручка от поста. Окна разных публикаций пересекаются.,250941.68,42240.0
https://t.me/postypashki_old/1840,postypashki_old,1840,Backend старт,family_candidate,2026-08-10 20:33:06,3,12272666,0,22,0,True,16,Тематическое окно; не выручка от поста. Окна разных публикаций пересекаются.,122726.66,0.0
https://t.me/postypashki_old/1840,postypashki_old,1840,ML старт,family_candidate,2026-08-10 20:33:06,3,18056333,7357500,33,12,True,16,Тематическое окно; не выручка от поста. Окна разных публикаций пересекаются.,180563.33,73575.0
https://t.me/chad_protocol/513,chad_protocol,513,Аналитика старт,family_candidate,2026-08-10 20:43:48,3,20396000,4219000,35,6,True,16,Тематическое окно; не выручка от поста. Окна разных публикаций пересекаются.,203960.0,42190.0
https://t.me/chad_protocol/513,chad_protocol,513,Алгоритмы старт,family_candidate,2026-08-10 20:43:48,3,25094168,4224000,49,7,True,16,Тематическое окно; не выручка от поста. Окна разных публикаций пересекаются.,250941.68,42240.0
https://t.me/chad_protocol/513,chad_protocol,513,Backend старт,family_candidate,2026-08-10 20:43:48,3,12272666,0,22,0,True,16,Тематическое окно; не выручка от поста. Окна разных публикаций пересекаются.,122726.66,0.0
https://t.me/chad_protocol/513,chad_protocol,513,ML старт,family_candidate,2026-08-10 20:43:48,3,18056333,7357500,33,12,True,16,Тематическое окно; не выручка от поста. Окна разных публикаций пересекаются.,180563.33,73575.0
https://t.me/algoses/596,algoses,596,Аналитика старт,family_candidate,2026-08-10 21:49:10,3,20396000,4219000,35,6,True,17,Тематическое окно; не выручка от поста. Окна разных публикаций пересекаются.,203960.0,42190.0
https://t.me/algoses/596,algoses,596,Алгоритмы старт,family_candidate,2026-08-10 21:49:10,3,25094168,4224000,49,7,True,17,Тематическое окно; не выручка от поста. Окна разных публикаций пересекаются.,250941.68,42240.0
https://t.me/algoses/596,algoses,596,Backend старт,family_candidate,2026-08-10 21:49:10,3,12272666,0,22,0,True,17,Тематическое окно; не выручка от поста. Окна разных публикаций пересекаются.,122726.66,0.0
https://t.me/algoses/596,algoses,596,ML старт,family_candidate,2026-08-10 21:49:10,3,18056333,7357500,33,12,True,17,Тематическое окно; не выручка от поста. Окна разных публикаций пересекаются.,180563.33,73575.0
https://t.me/postypashki_mems/1380,postypashki_mems,1380,Аналитика старт,family_candidate,2026-08-10 21:49:44,3,20396000,4219000,35,6,True,17,Тематическое окно; не выручка от поста. Окна разных публикаций пересекаются.,203960.0,42190.0
https://t.me/postypashki_mems/1380,postypashki_mems,1380,Алгоритмы старт,family_candidate,2026-08-10 21:49:44,3,25094168,4224000,49,7,True,17,Тематическое окно; не выручка от поста. Окна разных публикаций пересекаются.,250941.68,42240.0
https://t.me/postypashki_mems/1380,postypashki_mems,1380,Backend старт,family_candidate,2026-08-10 21:49:44,3,12272666,0,22,0,True,17,Тематическое окно; не выручка от поста. Окна разных публикаций пересекаются.,122726.66,0.0
https://t.me/postypashki_mems/1380,postypashki_mems,1380,ML старт,family_candidate,2026-08-10 21:49:44,3,18056333,7357500,33,12,True,17,Тематическое окно; не выручка от поста. Окна разных публикаций пересекаются.,180563.33,73575.0
https://t.me/postypashki_old/1843,postypashki_old,1843,Аналитика про,family_candidate,2026-08-11 18:50:13,3,2259500,2569500,5,3,True,14,Тематическое окно; не выручка от поста. Окна разных публикаций пересекаются.,22595.0,25695.0
https://t.me/postypashki_old/1843,postypashki_old,1843,ML про,family_candidate,2026-08-11 18:50:13,3,1722000,847500,2,1,True,14,Тематическое окно; не выручка от поста. Окна разных публикаций пересекаются.,17220.0,8475.0
https://t.me/postypashki_old/1843,postypashki_old,1843,Backend про,family_candidate,2026-08-11 18:50:13,3,1473500,0,2,0,True,14,Тематическое окно; не выручка от поста. Окна разных публикаций пересекаются.,14735.0,0.0
https://t.me/postypashki_old/1843,postypashki_old,1843,Алгоритмы про,family_candidate,2026-08-11 18:50:13,3,0,495000,0,1,True,14,Тематическое окно; не выручка от поста. Окна разных публикаций пересекаются.,0.0,4950.0
https://t.me/postypashki_old/1843,postypashki_old,1843,AI агенты,family_candidate,2026-08-11 18:50:13,3,0,0,0,0,True,14,Тематическое окно; не выручка от поста. Окна разных публикаций пересекаются.,0.0,0.0
https://t.me/postypashki_old/1844,postypashki_old,1844,Аналитика про,explicit,2026-08-12 19:05:42,3,2612000,1722000,5,2,True,13,Тематическое окно; не выручка от поста. Окна разных публикаций пересекаются.,26120.0,17220.0
https://t.me/postypashki_old/1852,postypashki_old,1852,Аналитика про,family_candidate,2026-08-16 19:39:39,3,495000,1672000,1,2,True,5,Тематическое окно; не выручка от поста. Окна разных публикаций пересекаются.,4950.0,16720.0
https://t.me/postypashki_old/1852,postypashki_old,1852,ML про,family_candidate,2026-08-16 19:39:39,3,847500,0,1,0,True,5,Тематическое окно; не выручка от поста. Окна разных публикаций пересекаются.,8475.0,0.0
https://t.me/postypashki_old/1852,postypashki_old,1852,Backend про,family_candidate,2026-08-16 19:39:39,3,0,700000,0,1,True,5,Тематическое окно; не выручка от поста. Окна разных публикаций пересекаются.,0.0,7000.0
https://t.me/postypashki_old/1852,postypashki_old,1852,Алгоритмы про,family_candidate,2026-08-16 19:39:39,3,0,0,0,0,True,5,Тематическое окно; не выручка от поста. Окна разных публикаций пересекаются.,0.0,0.0
https://t.me/postypashki_old/1852,postypashki_old,1852,AI агенты,family_candidate,2026-08-16 19:39:39,3,0,0,0,0,True,5,Тематическое окно; не выручка от поста. Окна разных публикаций пересекаются.,0.0,0.0
https://t.me/postypashki_old/1859,postypashki_old,1859,Аналитика про,family_candidate,2026-08-22 13:19:48,3,824500,15132500,1,19,True,10,Тематическое окно; не выручка от поста. Окна разных публикаций пересекаются.,8245.0,151325.0
https://t.me/postypashki_old/1859,postypashki_old,1859,ML про,family_candidate,2026-08-22 13:19:48,3,747500,11900000,1,15,True,10,Тематическое окно; не выручка от поста. Окна разных публикаций пересекаются.,7475.0,119000.0
https://t.me/postypashki_old/1859,postypashki_old,1859,Backend про,family_candidate,2026-08-22 13:19:48,3,4437500,4999750,6,6,True,10,Тематическое окно; не выручка от поста. Окна разных публикаций пересекаются.,44375.0,49997.5
https://t.me/postypashki_old/1859,postypashki_old,1859,Алгоритмы про,family_candidate,2026-08-22 13:19:48,3,1595000,5127500,2,7,True,10,Тематическое окно; не выручка от поста. Окна разных публикаций пересекаются.,15950.0,51275.0
https://t.me/postypashki_old/1859,postypashki_old,1859,AI агенты,family_candidate,2026-08-22 13:19:48,3,1642500,22377550,2,28,True,10,Тематическое окно; не выручка от поста. Окна разных публикаций пересекаются.,16425.0,223775.5
https://t.me/postypashki_old/1860,postypashki_old,1860,AI агенты,explicit,2026-08-23 11:51:41,3,3880000,24367550,5,30,True,12,Тематическое окно; не выручка от поста. Окна разных публикаций пересекаются.,38800.0,243675.5
https://t.me/chad_protocol/524,chad_protocol,524,Аналитика про,family_candidate,2026-08-23 13:05:55,3,4659500,12045000,6,15,True,12,Тематическое окно; не выручка от поста. Окна разных публикаций пересекаются.,46595.0,120450.0
https://t.me/chad_protocol/524,chad_protocol,524,ML про,family_candidate,2026-08-23 13:05:55,3,6397500,6250000,8,8,True,12,Тематическое окно; не выручка от поста. Окна разных публикаций пересекаются.,63975.0,62500.0
https://t.me/chad_protocol/524,chad_protocol,524,Backend про,family_candidate,2026-08-23 13:05:55,3,5477500,5502250,7,7,True,12,Тематическое окно; не выручка от поста. Окна разных публикаций пересекаются.,54775.0,55022.5
https://t.me/chad_protocol/524,chad_protocol,524,Алгоритмы про,family_candidate,2026-08-23 13:05:55,3,3735000,3882500,5,5,True,12,Тематическое окно; не выручка от поста. Окна разных публикаций пересекаются.,37350.0,38825.0
https://t.me/chad_protocol/524,chad_protocol,524,AI агенты,family_candidate,2026-08-23 13:05:55,3,3880000,24367550,5,30,True,12,Тематическое окно; не выручка от поста. Окна разных публикаций пересекаются.,38800.0,243675.5
https://t.me/algoses/614,algoses,614,Алгоритмы про,explicit,2026-08-23 17:09:54,3,4580000,3037500,6,4,True,12,Тематическое окно; не выручка от поста. Окна разных публикаций пересекаются.,45800.0,30375.0
https://t.me/postypashki_old/1863,postypashki_old,1863,Backend про,explicit,2026-08-23 19:20:03,3,7070000,3909750,9,5,True,11,Тематическое окно; не выручка от поста. Окна разных публикаций пересекаются.,70700.0,39097.5
https://t.me/chad_protocol/527,chad_protocol,527,ML про,explicit,2026-08-24 19:24:29,3,10430000,3810000,13,5,True,12,Тематическое окно; не выручка от поста. Окна разных публикаций пересекаются.,104300.0,38100.0
https://t.me/chad_protocol/527,chad_protocol,527,AI агенты,explicit,2026-08-24 19:24:29,3,20135050,12938750,25,16,True,12,Тематическое окно; не выручка от поста. Окна разных публикаций пересекаются.,201350.5,129387.5
https://t.me/postypashki_mems/1398,postypashki_mems,1398,Аналитика про,family_candidate,2026-08-25 15:25:21,3,15132500,1495000,19,2,True,11,Тематическое окно; не выручка от поста. Окна разных публикаций пересекаются.,151325.0,14950.0
https://t.me/postypashki_mems/1398,postypashki_mems,1398,ML про,family_candidate,2026-08-25 15:25:21,3,11152500,3785000,14,5,True,11,Тематическое окно; не выручка от поста. Окна разных публикаций пересекаются.,111525.0,37850.0
https://t.me/postypashki_mems/1398,postypashki_mems,1398,Backend про,family_candidate,2026-08-25 15:25:21,3,4999750,2990000,6,4,True,11,Тематическое окно; не выручка от поста. Окна разных публикаций пересекаются.,49997.5,29900.0
https://t.me/postypashki_mems/1398,postypashki_mems,1398,Алгоритмы про,family_candidate,2026-08-25 15:25:21,3,4380000,895000,6,1,True,11,Тематическое окно; не выручка от поста. Окна разных публикаций пересекаются.,43800.0,8950.0
https://t.me/postypashki_mems/1398,postypashki_mems,1398,AI агенты,family_candidate,2026-08-25 15:25:21,3,22527550,8158750,28,10,True,11,Тематическое окно; не выручка от поста. Окна разных публикаций пересекаются.,225275.5,81587.5
https://t.me/algoses/615,algoses,615,Аналитика про,family_candidate,2026-08-25 19:10:56,3,14287500,1495000,18,2,True,12,Тематическое окно; не выручка от поста. Окна разных публикаций пересекаются.,142875.0,14950.0
https://t.me/algoses/615,algoses,615,ML про,family_candidate,2026-08-25 19:10:56,3,9830000,3785000,12,5,True,12,Тематическое окно; не выручка от поста. Окна разных публикаций пересекаются.,98300.0,37850.0
https://t.me/algoses/615,algoses,615,Backend про,family_candidate,2026-08-25 19:10:56,3,4999750,2990000,6,4,True,12,Тематическое окно; не выручка от поста. Окна разных публикаций пересекаются.,49997.5,29900.0
https://t.me/algoses/615,algoses,615,Алгоритмы про,family_candidate,2026-08-25 19:10:56,3,2987500,895000,4,1,True,12,Тематическое окно; не выручка от поста. Окна разных публикаций пересекаются.,29875.0,8950.0
https://t.me/algoses/615,algoses,615,AI агенты,family_candidate,2026-08-25 19:10:56,3,21035050,9053750,26,11,True,12,Тематическое окно; не выручка от поста. Окна разных публикаций пересекаются.,210350.5,90537.5
https://t.me/chad_protocol/528,chad_protocol,528,Аналитика про,family_candidate,2026-08-26 19:16:56,3,7562500,1195000,9,2,True,9,Тематическое окно; не выручка от поста. Окна разных публикаций пересекаются.,75625.0,11950.0
https://t.me/chad_protocol/528,chad_protocol,528,ML про,family_candidate,2026-08-26 19:16:56,3,5355000,5427500,7,7,True,9,Тематическое окно; не выручка от поста. Окна разных публикаций пересекаются.,53550.0,54275.0
https://t.me/chad_protocol/528,chad_protocol,528,Backend про,family_candidate,2026-08-26 19:16:56,3,3909750,747500,5,1,True,9,Тематическое окно; не выручка от поста. Окна разных публикаций пересекаются.,39097.5,7475.0
https://t.me/chad_protocol/528,chad_protocol,528,Алгоритмы про,family_candidate,2026-08-26 19:16:56,3,2340000,0,3,0,True,9,Тематическое окно; не выручка от поста. Окна разных публикаций пересекаются.,23400.0,0.0
https://t.me/chad_protocol/528,chad_protocol,528,AI агенты,family_candidate,2026-08-26 19:16:56,3,15607550,5721250,19,7,True,9,Тематическое окно; не выручка от поста. Окна разных публикаций пересекаются.,156075.5,57212.5
https://t.me/postypashki_old/1870,postypashki_old,1870,Backend про,explicit,2026-08-28 19:05:59,3,2990000,3582500,4,4,True,8,Тематическое окно; не выручка от поста. Окна разных публикаций пересекаются.,29900.0,35825.0
https://t.me/chad_protocol/529,chad_protocol,529,Аналитика про,family_candidate,2026-08-29 12:17:00,3,1195000,9201650,2,11,True,8,Тематическое окно; не выручка от поста. Окна разных публикаций пересекаются.,11950.0,92016.5
https://t.me/chad_protocol/529,chad_protocol,529,ML про,family_candidate,2026-08-29 12:17:00,3,4532500,7067500,6,9,True,8,Тематическое окно; не выручка от поста. Окна разных публикаций пересекаются.,45325.0,70675.0
https://t.me/chad_protocol/529,chad_protocol,529,Backend про,family_candidate,2026-08-29 12:17:00,3,747500,3582500,1,4,True,8,Тематическое окно; не выручка от поста. Окна разных публикаций пересекаются.,7475.0,35825.0
https://t.me/chad_protocol/529,chad_protocol,529,Алгоритмы про,family_candidate,2026-08-29 12:17:00,3,0,2840000,0,4,True,8,Тематическое окно; не выручка от поста. Окна разных публикаций пересекаются.,0.0,28400.0
https://t.me/chad_protocol/529,chad_protocol,529,AI агенты,family_candidate,2026-08-29 12:17:00,3,5721250,13456000,7,17,True,8,Тематическое окно; не выручка от поста. Окна разных публикаций пересекаются.,57212.5,134560.0
https://t.me/postypashki_old/1872,postypashki_old,1872,Аналитика про,family_candidate,2026-08-29 21:58:58,3,1195000,12780650,2,15,True,8,Тематическое окно; не выручка от поста. Окна разных публикаций пересекаются.,11950.0,127806.5
https://t.me/postypashki_old/1872,postypashki_old,1872,ML про,family_candidate,2026-08-29 21:58:58,3,6125000,6772500,8,9,True,8,Тематическое окно; не выручка от поста. Окна разных публикаций пересекаются.,61250.0,67725.0
https://t.me/postypashki_old/1872,postypashki_old,1872,Backend про,family_candidate,2026-08-29 21:58:58,3,1642500,3435000,2,4,True,8,Тематическое окно; не выручка от поста. Окна разных публикаций пересекаются.,16425.0,34350.0
https://t.me/postypashki_old/1872,postypashki_old,1872,Алгоритмы про,family_candidate,2026-08-29 21:58:58,3,0,3587500,0,5,True,8,Тематическое окно; не выручка от поста. Окна разных публикаций пересекаются.,0.0,35875.0
https://t.me/postypashki_old/1872,postypashki_old,1872,AI агенты,family_candidate,2026-08-29 21:58:58,3,7263750,13358500,9,17,True,8,Тематическое окно; не выручка от поста. Окна разных публикаций пересекаются.,72637.5,133585.0
https://t.me/chad_protocol/531,chad_protocol,531,Аналитика про,family_candidate,2026-08-30 18:47:10,3,2040000,13871650,3,16,True,9,Тематическое окно; не выручка от поста. Окна разных публикаций пересекаются.,20400.0,138716.5
https://t.me/chad_protocol/531,chad_protocol,531,ML про,family_candidate,2026-08-30 18:47:10,3,8512500,4435000,11,6,True,9,Тематическое окно; не выручка от поста. Окна разных публикаций пересекаются.,85125.0,44350.0
https://t.me/chad_protocol/531,chad_protocol,531,Backend про,family_candidate,2026-08-30 18:47:10,3,895000,8807500,1,11,True,9,Тематическое окно; не выручка от поста. Окна разных публикаций пересекаются.,8950.0,88075.0
https://t.me/chad_protocol/531,chad_protocol,531,Алгоритмы про,family_candidate,2026-08-30 18:47:10,3,1395000,3687500,2,5,True,9,Тематическое окно; не выручка от поста. Окна разных публикаций пересекаются.,13950.0,36875.0
https://t.me/chad_protocol/531,chad_protocol,531,AI агенты,family_candidate,2026-08-30 18:47:10,3,9269000,7372000,12,9,True,9,Тематическое окно; не выручка от поста. Окна разных публикаций пересекаются.,92690.0,73720.0
https://t.me/postypashki_old/1875,postypashki_old,1875,Аналитика про,family_candidate,2026-08-31 17:11:02,3,6119650,14964500,8,17,True,10,Тематическое окно; не выручка от поста. Окна разных публикаций пересекаются.,61196.5,149645.0
https://t.me/postypashki_old/1875,postypashki_old,1875,ML про,family_candidate,2026-08-31 17:11:02,3,7067500,6225000,9,8,True,10,Тематическое окно; не выручка от поста. Окна разных публикаций пересекаются.,70675.0,62250.0
https://t.me/postypashki_old/1875,postypashki_old,1875,Backend про,family_candidate,2026-08-31 17:11:02,3,3582500,8907500,4,12,True,10,Тематическое окно; не выручка от поста. Окна разных публикаций пересекаются.,35825.0,89075.0
https://t.me/postypashki_old/1875,postypashki_old,1875,Алгоритмы про,family_candidate,2026-08-31 17:11:02,3,2840000,4582500,4,6,True,10,Тематическое окно; не выручка от поста. Окна разных публикаций пересекаются.,28400.0,45825.0
https://t.me/postypashki_old/1875,postypashki_old,1875,AI агенты,family_candidate,2026-08-31 17:11:02,3,11766000,3980000,15,5,True,10,Тематическое окно; не выручка от поста. Окна разных публикаций пересекаются.,117660.0,39800.0
https://t.me/chad_protocol/535,chad_protocol,535,Аналитика про,family_candidate,2026-09-01 19:07:17,3,12780650,15221000,15,18,True,10,Тематическое окно; не выручка от поста. Окна разных публикаций пересекаются.,127806.5,152210.0
https://t.me/chad_protocol/535,chad_protocol,535,ML про,family_candidate,2026-09-01 19:07:17,3,6772500,7965000,9,10,True,10,Тематическое окно; не выручка от поста. Окна разных публикаций пересекаются.,67725.0,79650.0
https://t.me/chad_protocol/535,chad_protocol,535,Backend про,family_candidate,2026-09-01 19:07:17,3,4330000,11591500,5,15,True,10,Тематическое окно; не выручка от поста. Окна разных публикаций пересекаются.,43300.0,115915.0
https://t.me/chad_protocol/535,chad_protocol,535,Алгоритмы про,family_candidate,2026-09-01 19:07:17,3,3587500,4535000,5,6,True,10,Тематическое окно; не выручка от поста. Окна разных публикаций пересекаются.,35875.0,45350.0
https://t.me/chad_protocol/535,chad_protocol,535,AI агенты,family_candidate,2026-09-01 19:07:17,3,13456000,5630000,17,8,True,10,Тематическое окно; не выручка от поста. Окна разных публикаций пересекаются.,134560.0,56300.0
https://t.me/postypashki_old/1876,postypashki_old,1876,Аналитика про,family_candidate,2026-09-01 20:40:56,3,12780650,16066000,15,19,True,10,Тематическое окно; не выручка от поста. Окна разных публикаций пересекаются.,127806.5,160660.0
https://t.me/postypashki_old/1876,postypashki_old,1876,ML про,family_candidate,2026-09-01 20:40:56,3,6772500,7267500,9,9,True,10,Тематическое окно; не выручка от поста. Окна разных публикаций пересекаются.,67725.0,72675.0
https://t.me/postypashki_old/1876,postypashki_old,1876,Backend про,family_candidate,2026-09-01 20:40:56,3,3435000,11591500,4,15,True,10,Тематическое окно; не выручка от поста. Окна разных публикаций пересекаются.,34350.0,115915.0
https://t.me/postypashki_old/1876,postypashki_old,1876,Алгоритмы про,family_candidate,2026-09-01 20:40:56,3,3587500,4535000,5,6,True,10,Тематическое окно; не выручка от поста. Окна разных публикаций пересекаются.,35875.0,45350.0
https://t.me/postypashki_old/1876,postypashki_old,1876,AI агенты,family_candidate,2026-09-01 20:40:56,3,13358500,3340000,17,5,True,10,Тематическое окно; не выручка от поста. Окна разных публикаций пересекаются.,133585.0,33400.0
https://t.me/algoses/620,algoses,620,Аналитика про,family_candidate,2026-09-02 18:21:30,3,13871650,21740000,16,26,True,8,Тематическое окно; не выручка от поста. Окна разных публикаций пересекаются.,138716.5,217400.0
https://t.me/algoses/620,algoses,620,ML про,family_candidate,2026-09-02 18:21:30,3,6125000,18457500,8,22,True,8,Тематическое окно; не выручка от поста. Окна разных публикаций пересекаются.,61250.0,184575.0
https://t.me/algoses/620,algoses,620,Backend про,family_candidate,2026-09-02 18:21:30,3,8385000,11666500,10,15,True,8,Тематическое окно; не выручка от поста. Окна разных публикаций пересекаются.,83850.0,116665.0
https://t.me/algoses/620,algoses,620,Алгоритмы про,family_candidate,2026-09-02 18:21:30,3,3687500,4830000,5,6,True,8,Тематическое окно; не выручка от поста. Окна разных публикаций пересекаются.,36875.0,48300.0
https://t.me/algoses/620,algoses,620,AI агенты,family_candidate,2026-09-02 18:21:30,3,7372000,5925000,9,8,True,8,Тематическое окно; не выручка от поста. Окна разных публикаций пересекаются.,73720.0,59250.0
https://t.me/postypashki_old/1877,postypashki_old,1877,Аналитика про,family_candidate,2026-09-02 19:06:05,3,13871650,21740000,16,26,True,8,Тематическое окно; не выручка от поста. Окна разных публикаций пересекаются.,138716.5,217400.0
https://t.me/postypashki_old/1877,postypashki_old,1877,ML про,family_candidate,2026-09-02 19:06:05,3,4435000,20995000,6,25,True,8,Тематическое окно; не выручка от поста. Окна разных публикаций пересекаются.,44350.0,209950.0
https://t.me/postypashki_old/1877,postypashki_old,1877,Backend про,family_candidate,2026-09-02 19:06:05,3,8807500,11244000,11,14,True,8,Тематическое окно; не выручка от поста. Окна разных публикаций пересекаются.,88075.0,112440.0
https://t.me/postypashki_old/1877,postypashki_old,1877,Алгоритмы про,family_candidate,2026-09-02 19:06:05,3,3687500,5577500,5,7,True,8,Тематическое окно; не выручка от поста. Окна разных публикаций пересекаются.,36875.0,55775.0
https://t.me/postypashki_old/1877,postypashki_old,1877,AI агенты,family_candidate,2026-09-02 19:06:05,3,7372000,5925000,9,8,True,8,Тематическое окно; не выручка от поста. Окна разных публикаций пересекаются.,73720.0,59250.0
https://t.me/postypashki_old/1878,postypashki_old,1878,Аналитика про,family_candidate,2026-09-03 19:06:06,3,13174500,21947500,15,27,True,10,Тематическое окно; не выручка от поста. Окна разных публикаций пересекаются.,131745.0,219475.0
https://t.me/postypashki_old/1878,postypashki_old,1878,ML про,family_candidate,2026-09-03 19:06:06,3,7070000,28707500,9,36,True,10,Тематическое окно; не выручка от поста. Окна разных публикаций пересекаются.,70700.0,287075.0
https://t.me/postypashki_old/1878,postypashki_old,1878,Backend про,family_candidate,2026-09-03 19:06:06,3,8907500,14974000,12,18,True,10,Тематическое окно; не выручка от поста. Окна разных публикаций пересекаются.,89075.0,149740.0
https://t.me/postypashki_old/1878,postypashki_old,1878,Алгоритмы про,family_candidate,2026-09-03 19:06:06,3,4582500,5028400,6,6,True,10,Тематическое окно; не выручка от поста. Окна разных публикаций пересекаются.,45825.0,50284.0
https://t.me/postypashki_old/1878,postypashki_old,1878,AI агенты,family_candidate,2026-09-03 19:06:06,3,4480000,13137500,6,18,True,10,Тематическое окно; не выручка от поста. Окна разных публикаций пересекаются.,44800.0,131375.0
https://t.me/postypashki_mems/1410,postypashki_mems,1410,Аналитика про,family_candidate,2026-09-03 19:15:26,3,13174500,22842500,15,28,True,10,Тематическое окно; не выручка от поста. Окна разных публикаций пересекаются.,131745.0,228425.0
https://t.me/postypashki_mems/1410,postypashki_mems,1410,ML про,family_candidate,2026-09-03 19:15:26,3,7070000,28707500,9,36,True,10,Тематическое окно; не выручка от поста. Окна разных публикаций пересекаются.,70700.0,287075.0
https://t.me/postypashki_mems/1410,postypashki_mems,1410,Backend про,family_candidate,2026-09-03 19:15:26,3,8907500,14974000,12,18,True,10,Тематическое окно; не выручка от поста. Окна разных публикаций пересекаются.,89075.0,149740.0
https://t.me/postypashki_mems/1410,postypashki_mems,1410,Алгоритмы про,family_candidate,2026-09-03 19:15:26,3,4582500,5028400,6,6,True,10,Тематическое окно; не выручка от поста. Окна разных публикаций пересекаются.,45825.0,50284.0
https://t.me/postypashki_mems/1410,postypashki_mems,1410,AI агенты,family_candidate,2026-09-03 19:15:26,3,4480000,13137500,6,18,True,10,Тематическое окно; не выручка от поста. Окна разных публикаций пересекаются.,44800.0,131375.0
https://t.me/postypashki_mems/1412,postypashki_mems,1412,Аналитика про,family_candidate,2026-09-05 18:50:19,3,21740000,8910000,26,11,True,15,Тематическое окно; не выручка от поста. Окна разных публикаций пересекаются.,217400.0,89100.0
https://t.me/postypashki_mems/1412,postypashki_mems,1412,ML про,family_candidate,2026-09-05 18:50:19,3,20995000,15822500,25,21,True,15,Тематическое окно; не выручка от поста. Окна разных публикаций пересекаются.,209950.0,158225.0
https://t.me/postypashki_mems/1412,postypashki_mems,1412,Backend про,family_candidate,2026-09-05 18:50:19,3,11244000,6517500,14,8,True,15,Тематическое окно; не выручка от поста. Окна разных публикаций пересекаются.,112440.0,65175.0
https://t.me/postypashki_mems/1412,postypashki_mems,1412,Алгоритмы про,family_candidate,2026-09-05 18:50:19,3,5577500,5078400,7,6,True,15,Тематическое окно; не выручка от поста. Окна разных публикаций пересекаются.,55775.0,50784.0
https://t.me/postypashki_mems/1412,postypashki_mems,1412,AI агенты,family_candidate,2026-09-05 18:50:19,3,5925000,13335000,8,18,True,15,Тематическое окно; не выручка от поста. Окна разных публикаций пересекаются.,59250.0,133350.0
https://t.me/postypashki_old/1880,postypashki_old,1880,Аналитика про,family_candidate,2026-09-06 12:06:06,3,24032500,7462500,29,9,True,14,Тематическое окно; не выручка от поста. Окна разных публикаций пересекаются.,240325.0,74625.0
https://t.me/postypashki_old/1880,postypashki_old,1880,ML про,family_candidate,2026-09-06 12:06:06,3,23982500,11742500,29,16,True,14,Тематическое окно; не выручка от поста. Окна разных публикаций пересекаются.,239825.0,117425.0
https://t.me/postypashki_old/1880,postypashki_old,1880,Backend про,family_candidate,2026-09-06 12:06:06,3,11641500,4227500,14,5,True,14,Тематическое окно; не выручка от поста. Окна разных публикаций пересекаются.,116415.0,42275.0
https://t.me/postypashki_old/1880,postypashki_old,1880,Алгоритмы про,family_candidate,2026-09-06 12:06:06,3,5725900,4182500,7,5,True,14,Тематическое окно; не выручка от поста. Окна разных публикаций пересекаются.,57259.0,41825.0
https://t.me/postypashki_old/1880,postypashki_old,1880,AI агенты,family_candidate,2026-09-06 12:06:06,3,8312500,11645000,11,16,True,14,Тематическое окно; не выручка от поста. Окна разных публикаций пересекаются.,83125.0,116450.0
https://t.me/postypashki_old/1882,postypashki_old,1882,Backend старт,explicit,2026-09-06 18:04:47,3,3137500,895000,4,1,True,16,Тематическое окно; не выручка от поста. Окна разных публикаций пересекаются.,31375.0,8950.0
https://t.me/postypashki_old/1882,postypashki_old,1882,Алгоритмы старт,explicit,2026-09-06 18:04:47,3,2937500,3740000,5,5,True,16,Тематическое окно; не выручка от поста. Окна разных публикаций пересекаются.,29375.0,37400.0
https://t.me/postypashki_old/1883,postypashki_old,1883,Аналитика про,family_candidate,2026-09-06 20:44:11,3,22842500,4375000,28,5,True,17,Тематическое окно; не выручка от поста. Окна разных публикаций пересекаются.,228425.0,43750.0
https://t.me/postypashki_mems/1423,postypashki_mems,1423,Аналитика про,explicit,2026-09-08 17:10:56,3,9755000,2585000,12,3,False,20,Тематическое окно; не выручка от поста. Окна разных публикаций пересекаются.,97550.0,25850.0
https://t.me/postypashki_old/1895,postypashki_old,1895,Алгоритмы про,family_candidate,2026-09-08 18:27:01,3,5825900,2990000,7,4,False,20,Тематическое окно; не выручка от поста. Окна разных публикаций пересекаются.,58259.0,29900.0
https://t.me/postypashki_mems/1424,postypashki_mems,1424,Аналитика про,family_candidate,2026-09-09 16:33:48,3,6765000,0,8,0,False,17,Тематическое окно; не выручка от поста. Окна разных публикаций пересекаются.,67650.0,0.0
https://t.me/postypashki_mems/1424,postypashki_mems,1424,ML про,family_candidate,2026-09-09 16:33:48,3,8710000,0,11,0,False,17,Тематическое окно; не выручка от поста. Окна разных публикаций пересекаются.,87100.0,0.0
https://t.me/postypashki_mems/1424,postypashki_mems,1424,Backend про,family_candidate,2026-09-09 16:33:48,3,895000,0,1,0,False,17,Тематическое окно; не выручка от поста. Окна разных публикаций пересекаются.,8950.0,0.0
https://t.me/postypashki_mems/1424,postypashki_mems,1424,Алгоритмы про,family_candidate,2026-09-09 16:33:48,3,5530000,747500,7,1,False,17,Тематическое окно; не выручка от поста. Окна разных публикаций пересекаются.,55300.0,7475.0
https://t.me/postypashki_mems/1424,postypashki_mems,1424,AI агенты,family_candidate,2026-09-09 16:33:48,3,8562500,0,11,0,False,17,Тематическое окно; не выручка от поста. Окна разных публикаций пересекаются.,85625.0,0.0
https://t.me/algoses/625,algoses,625,Алгоритмы про,explicit,2026-09-09 18:34:11,3,6277500,0,8,0,False,16,Тематическое окно; не выручка от поста. Окна разных публикаций пересекаются.,62775.0,0.0
https://t.me/algoses/626,algoses,626,Алгоритмы про,family_candidate,2026-09-09 19:35:27,3,6277500,0,8,0,False,16,Тематическое окно; не выручка от поста. Окна разных публикаций пересекаются.,62775.0,0.0
https://t.me/chad_protocol/543,chad_protocol,543,Алгоритмы про,explicit,2026-09-09 20:04:50,3,6277500,0,8,0,False,15,Тематическое окно; не выручка от поста. Окна разных публикаций пересекаются.,62775.0,0.0
https://t.me/postypashki_old/1899,postypashki_old,1899,Аналитика про,explicit,2026-09-10 17:06:13,3,3480000,0,4,0,False,10,Тематическое окно; не выручка от поста. Окна разных публикаций пересекаются.,34800.0,0.0
