id,mode,userId,course,amount,at,source,status,leadId,refundAmount
hpay_0001,historical,hist_437,ML про,8950.0,2026-08-04T09:08:31,purchases.xlsx; row 2; timezone unspecified,paid,,
hpay_0002,historical,hist_437,Аналитика старт,7890.0,2026-08-04T09:35:00,purchases.xlsx; row 3; timezone unspecified,paid,,
hpay_0003,historical,hist_443,Линейная алгебра,8475.0,2026-08-04T10:14:38,purchases.xlsx; row 4; timezone unspecified,paid,,
hpay_0004,historical,hist_443,Мат анализ,8475.0,2026-08-04T10:14:38,purchases.xlsx; row 5; timezone unspecified,paid,,
hpay_0005,historical,hist_430,К ВУЗу,8950.0,2026-08-04T13:38:06,purchases.xlsx; row 6; timezone unspecified,paid,,
hpay_0006,historical,hist_480,Data Science,15695.0,2026-08-04T16:17:19,purchases.xlsx; row 7; timezone unspecified,paid,,
hpay_0007,historical,hist_131,Backend старт,8745.0,2026-08-04T17:05:46,purchases.xlsx; row 8; timezone unspecified,paid,,
hpay_0008,historical,hist_571,ML про,8475.0,2026-08-04T17:19:52,purchases.xlsx; row 9; timezone unspecified,paid,,
hpay_0009,historical,hist_571,ML старт,8475.0,2026-08-04T17:19:52,purchases.xlsx; row 10; timezone unspecified,paid,,
hpay_0010,historical,hist_159,Backend про,8475.0,2026-08-05T12:56:32,purchases.xlsx; row 11; timezone unspecified,paid,,
hpay_0011,historical,hist_159,Backend старт,8475.0,2026-08-05T12:56:32,purchases.xlsx; row 12; timezone unspecified,paid,,
hpay_0012,historical,hist_126,ML старт,8745.0,2026-08-05T13:22:41,purchases.xlsx; row 13; timezone unspecified,paid,,
hpay_0013,historical,hist_225,АВ тестам,8745.0,2026-08-05T14:22:34,purchases.xlsx; row 14; timezone unspecified,paid,,
hpay_0014,historical,hist_137,Backend старт,8475.0,2026-08-05T15:01:16,purchases.xlsx; row 15; timezone unspecified,paid,,
hpay_0015,historical,hist_280,ML старт,8245.0,2026-08-05T16:37:02,purchases.xlsx; row 16; timezone unspecified,paid,,
hpay_0016,historical,hist_222,Backend про,7975.0,2026-08-05T18:52:56,purchases.xlsx; row 17; timezone unspecified,paid,,
hpay_0017,historical,hist_222,Backend старт,7975.0,2026-08-05T18:52:56,purchases.xlsx; row 18; timezone unspecified,paid,,
hpay_0018,historical,hist_291,Линейная алгебра,9950.0,2026-08-06T10:06:16,purchases.xlsx; row 19; timezone unspecified,paid,,
hpay_0019,historical,hist_291,Мат анализ,9950.0,2026-08-06T10:06:16,purchases.xlsx; row 20; timezone unspecified,paid,,
hpay_0020,historical,hist_295,К ВУЗу,6950.0,2026-08-06T10:14:55,purchases.xlsx; row 21; timezone unspecified,paid,,
hpay_0021,historical,hist_294,Линейная алгебра,9950.0,2026-08-06T10:39:31,purchases.xlsx; row 22; timezone unspecified,paid,,
hpay_0022,historical,hist_325,Линейная алгебра,9950.0,2026-08-06T11:41:17,purchases.xlsx; row 23; timezone unspecified,paid,,
hpay_0023,historical,hist_166,К ВУЗу,6950.0,2026-08-06T12:15:46,purchases.xlsx; row 24; timezone unspecified,paid,,
hpay_0024,historical,hist_477,Теория вероятностей,500.0,2026-08-06T14:52:49,purchases.xlsx; row 25; timezone unspecified,paid,,
hpay_0025,historical,hist_579,ML старт,8245.0,2026-08-06T16:20:47,purchases.xlsx; row 26; timezone unspecified,paid,,
hpay_0026,historical,hist_334,Линейная алгебра,9950.0,2026-08-07T11:16:14,purchases.xlsx; row 27; timezone unspecified,paid,,
hpay_0027,historical,hist_334,Мат анализ,9950.0,2026-08-07T11:16:14,purchases.xlsx; row 28; timezone unspecified,paid,,
hpay_0028,historical,hist_459,Мат анализ,9950.0,2026-08-07T11:31:08,purchases.xlsx; row 29; timezone unspecified,paid,,
hpay_0029,historical,hist_313,Мат анализ,9450.0,2026-08-07T11:58:49,purchases.xlsx; row 30; timezone unspecified,paid,,
hpay_0030,historical,hist_481,ML про,8745.0,2026-08-07T13:09:54,purchases.xlsx; row 31; timezone unspecified,paid,,
hpay_0031,historical,hist_249,К ВУЗу,6950.0,2026-08-07T19:38:55,purchases.xlsx; row 32; timezone unspecified,paid,,
hpay_0032,historical,hist_259,ML про,8745.0,2026-08-08T07:59:01,purchases.xlsx; row 33; timezone unspecified,paid,,
hpay_0033,historical,hist_26,Backend старт,6490.0,2026-08-08T09:23:01,purchases.xlsx; row 34; timezone unspecified,paid,,
hpay_0034,historical,hist_183,Backend старт,6490.0,2026-08-08T10:08:11,purchases.xlsx; row 35; timezone unspecified,paid,,
hpay_0035,historical,hist_47,ML старт,4995.0,2026-08-08T12:24:55,purchases.xlsx; row 36; timezone unspecified,paid,,
hpay_0036,historical,hist_47,Алгоритмы старт,4995.0,2026-08-08T12:24:55,purchases.xlsx; row 37; timezone unspecified,paid,,
hpay_0037,historical,hist_518,Алгоритмы старт,6490.0,2026-08-08T12:37:37,purchases.xlsx; row 38; timezone unspecified,paid,,
hpay_0038,historical,hist_54,Алгоритмы старт,6490.0,2026-08-08T12:39:51,purchases.xlsx; row 39; timezone unspecified,paid,,
hpay_0039,historical,hist_554,ML старт,5000.0,2026-08-08T12:44:01,purchases.xlsx; row 40; timezone unspecified,paid,,
hpay_0040,historical,hist_554,Алгоритмы старт,5000.0,2026-08-08T12:44:01,purchases.xlsx; row 41; timezone unspecified,paid,,
hpay_0041,historical,hist_473,Алгоритмы,10000.0,2026-08-08T13:57:16,purchases.xlsx; row 42; timezone unspecified,paid,,
hpay_0042,historical,hist_308,Backend старт,4950.0,2026-08-08T14:05:17,purchases.xlsx; row 43; timezone unspecified,paid,,
hpay_0043,historical,hist_308,Алгоритмы старт,4950.0,2026-08-08T14:05:17,purchases.xlsx; row 44; timezone unspecified,paid,,
hpay_0044,historical,hist_412,ML старт,4995.0,2026-08-08T14:06:52,purchases.xlsx; row 45; timezone unspecified,paid,,
hpay_0045,historical,hist_412,Алгоритмы старт,4995.0,2026-08-08T14:06:52,purchases.xlsx; row 46; timezone unspecified,paid,,
hpay_0046,historical,hist_7,Backend старт,4950.0,2026-08-08T14:07:56,purchases.xlsx; row 47; timezone unspecified,paid,,
hpay_0047,historical,hist_370,Backend старт,6490.0,2026-08-08T14:10:35,purchases.xlsx; row 48; timezone unspecified,paid,,
hpay_0048,historical,hist_532,Аналитика про,4995.0,2026-08-08T16:22:47,purchases.xlsx; row 49; timezone unspecified,paid,,
hpay_0049,historical,hist_532,Аналитика старт,4995.0,2026-08-08T16:22:47,purchases.xlsx; row 50; timezone unspecified,paid,,
hpay_0050,historical,hist_451,Backend про,8245.0,2026-08-08T16:24:46,purchases.xlsx; row 51; timezone unspecified,paid,,
hpay_0051,historical,hist_265,ML старт,5990.0,2026-08-08T16:25:28,purchases.xlsx; row 52; timezone unspecified,paid,,
hpay_0052,historical,hist_8,АВ тестам,4495.0,2026-08-08T16:25:39,purchases.xlsx; row 53; timezone unspecified,paid,,
hpay_0053,historical,hist_8,Алгоритмы,4495.0,2026-08-08T16:25:39,purchases.xlsx; row 54; timezone unspecified,paid,,
hpay_0054,historical,hist_33,Backend старт,4995.0,2026-08-08T16:26:36,purchases.xlsx; row 55; timezone unspecified,paid,,
hpay_0055,historical,hist_33,Алгоритмы старт,4995.0,2026-08-08T16:26:36,purchases.xlsx; row 56; timezone unspecified,paid,,
hpay_0056,historical,hist_512,Алгоритмы старт,4995.0,2026-08-08T16:43:12,purchases.xlsx; row 57; timezone unspecified,paid,,
hpay_0057,historical,hist_410,Backend старт,6490.0,2026-08-08T16:51:05,purchases.xlsx; row 58; timezone unspecified,paid,,
hpay_0058,historical,hist_516,Алгоритмы старт,4950.0,2026-08-08T16:59:49,purchases.xlsx; row 59; timezone unspecified,paid,,
hpay_0059,historical,hist_516,Аналитика старт,4950.0,2026-08-08T16:59:49,purchases.xlsx; row 60; timezone unspecified,paid,,
hpay_0060,historical,hist_511,Аналитика старт,4950.0,2026-08-08T17:29:42,purchases.xlsx; row 61; timezone unspecified,paid,,
hpay_0061,historical,hist_256,ML старт,5990.0,2026-08-08T17:54:37,purchases.xlsx; row 62; timezone unspecified,paid,,
hpay_0062,historical,hist_333,Аналитика старт,6490.0,2026-08-08T18:25:13,purchases.xlsx; row 63; timezone unspecified,paid,,
hpay_0063,historical,hist_233,Аналитика старт,6490.0,2026-08-08T18:51:08,purchases.xlsx; row 64; timezone unspecified,paid,,
hpay_0064,historical,hist_427,ML старт,4950.0,2026-08-08T19:23:46,purchases.xlsx; row 65; timezone unspecified,paid,,
hpay_0065,historical,hist_427,Алгоритмы,4950.0,2026-08-08T19:23:46,purchases.xlsx; row 66; timezone unspecified,paid,,
hpay_0066,historical,hist_120,Аналитика старт,6490.0,2026-08-08T19:28:26,purchases.xlsx; row 67; timezone unspecified,paid,,
hpay_0067,historical,hist_469,Алгоритмы,4950.0,2026-08-08T19:45:24,purchases.xlsx; row 68; timezone unspecified,paid,,
hpay_0068,historical,hist_161,Backend старт,4995.0,2026-08-08T19:49:42,purchases.xlsx; row 69; timezone unspecified,paid,,
hpay_0069,historical,hist_161,Алгоритмы старт,4995.0,2026-08-08T19:49:42,purchases.xlsx; row 70; timezone unspecified,paid,,
hpay_0070,historical,hist_320,Алгоритмы старт,4995.0,2026-08-08T19:54:31,purchases.xlsx; row 71; timezone unspecified,paid,,
hpay_0071,historical,hist_320,Аналитика старт,4995.0,2026-08-08T19:54:31,purchases.xlsx; row 72; timezone unspecified,paid,,
hpay_0072,historical,hist_135,ML старт,4995.0,2026-08-08T20:00:19,purchases.xlsx; row 73; timezone unspecified,paid,,
hpay_0073,historical,hist_135,Алгоритмы старт,4995.0,2026-08-08T20:00:19,purchases.xlsx; row 74; timezone unspecified,paid,,
hpay_0074,historical,hist_73,Алгоритмы старт,4995.0,2026-08-08T20:05:40,purchases.xlsx; row 75; timezone unspecified,paid,,
hpay_0075,historical,hist_227,ML старт,4725.0,2026-08-08T20:08:33,purchases.xlsx; row 76; timezone unspecified,paid,,
hpay_0076,historical,hist_227,Алгоритмы старт,4725.0,2026-08-08T20:08:33,purchases.xlsx; row 77; timezone unspecified,paid,,
hpay_0077,historical,hist_507,ML старт,6490.0,2026-08-08T20:12:46,purchases.xlsx; row 78; timezone unspecified,paid,,
hpay_0078,historical,hist_421,Data Engenering,4995.0,2026-08-08T20:25:37,purchases.xlsx; row 79; timezone unspecified,paid,,
hpay_0079,historical,hist_421,Алгоритмы,4995.0,2026-08-08T20:25:37,purchases.xlsx; row 80; timezone unspecified,paid,,
hpay_0080,historical,hist_401,Backend про,8245.0,2026-08-08T22:16:55,purchases.xlsx; row 81; timezone unspecified,paid,,
hpay_0081,historical,hist_160,Аналитика старт,4995.0,2026-08-09T02:39:44,purchases.xlsx; row 82; timezone unspecified,paid,,
hpay_0082,historical,hist_32,ML старт,6490.0,2026-08-09T04:36:11,purchases.xlsx; row 83; timezone unspecified,paid,,
hpay_0083,historical,hist_415,Backend старт,4995.0,2026-08-09T04:51:42,purchases.xlsx; row 84; timezone unspecified,paid,,
hpay_0084,historical,hist_167,ML старт,4950.0,2026-08-09T09:07:16,purchases.xlsx; row 85; timezone unspecified,paid,,
hpay_0085,historical,hist_167,Алгоритмы старт,4950.0,2026-08-09T09:07:16,purchases.xlsx; row 86; timezone unspecified,paid,,
hpay_0086,historical,hist_262,Backend про,6490.0,2026-08-09T09:10:55,purchases.xlsx; row 87; timezone unspecified,paid,,
hpay_0087,historical,hist_570,Алгоритмы старт,4995.0,2026-08-09T09:24:57,purchases.xlsx; row 88; timezone unspecified,paid,,
hpay_0088,historical,hist_570,Аналитика старт,4995.0,2026-08-09T09:24:57,purchases.xlsx; row 89; timezone unspecified,paid,,
hpay_0089,historical,hist_520,Аналитика старт,6490.0,2026-08-09T09:27:27,purchases.xlsx; row 90; timezone unspecified,paid,,
hpay_0090,historical,hist_598,Backend старт,4950.0,2026-08-09T09:43:34,purchases.xlsx; row 91; timezone unspecified,paid,,
hpay_0091,historical,hist_598,Алгоритмы,4950.0,2026-08-09T09:43:34,purchases.xlsx; row 92; timezone unspecified,paid,,
hpay_0092,historical,hist_279,Аналитика старт,6490.0,2026-08-09T09:48:26,purchases.xlsx; row 93; timezone unspecified,paid,,
hpay_0093,historical,hist_207,Алгоритмы старт,6490.0,2026-08-09T10:15:38,purchases.xlsx; row 94; timezone unspecified,paid,,
hpay_0094,historical,hist_457,Алгоритмы старт,6490.0,2026-08-09T10:16:31,purchases.xlsx; row 95; timezone unspecified,paid,,
hpay_0095,historical,hist_389,ML старт,4950.0,2026-08-09T10:18:12,purchases.xlsx; row 96; timezone unspecified,paid,,
hpay_0096,historical,hist_389,Алгоритмы старт,4950.0,2026-08-09T10:18:12,purchases.xlsx; row 97; timezone unspecified,paid,,
hpay_0097,historical,hist_89,Алгоритмы,9900.0,2026-08-09T10:44:19,purchases.xlsx; row 98; timezone unspecified,paid,,
hpay_0098,historical,hist_232,Аналитика старт,6490.0,2026-08-09T10:47:20,purchases.xlsx; row 99; timezone unspecified,paid,,
hpay_0099,historical,hist_527,ML старт,4950.0,2026-08-09T10:49:47,purchases.xlsx; row 100; timezone unspecified,paid,,
hpay_0100,historical,hist_527,Алгоритмы старт,4950.0,2026-08-09T10:49:47,purchases.xlsx; row 101; timezone unspecified,paid,,
hpay_0101,historical,hist_129,Аналитика старт,6490.0,2026-08-09T10:56:45,purchases.xlsx; row 102; timezone unspecified,paid,,
hpay_0102,historical,hist_19,Алгоритмы старт,4950.0,2026-08-09T11:01:50,purchases.xlsx; row 103; timezone unspecified,paid,,
hpay_0103,historical,hist_19,Аналитика старт,4950.0,2026-08-09T11:01:50,purchases.xlsx; row 104; timezone unspecified,paid,,
hpay_0104,historical,hist_38,Аналитика старт,6490.0,2026-08-09T12:15:31,purchases.xlsx; row 105; timezone unspecified,paid,,
hpay_0105,historical,hist_206,Backend старт,4995.0,2026-08-09T13:00:12,purchases.xlsx; row 106; timezone unspecified,paid,,
hpay_0106,historical,hist_206,Алгоритмы,4995.0,2026-08-09T13:00:12,purchases.xlsx; row 107; timezone unspecified,paid,,
hpay_0107,historical,hist_356,Backend старт,6950.0,2026-08-09T13:48:05,purchases.xlsx; row 108; timezone unspecified,paid,,
hpay_0108,historical,hist_336,ML старт,4950.0,2026-08-09T13:48:41,purchases.xlsx; row 109; timezone unspecified,paid,,
hpay_0109,historical,hist_336,Алгоритмы старт,4950.0,2026-08-09T13:48:41,purchases.xlsx; row 110; timezone unspecified,paid,,
hpay_0110,historical,hist_53,ML старт,4950.0,2026-08-09T13:57:35,purchases.xlsx; row 111; timezone unspecified,paid,,
hpay_0111,historical,hist_543,Алгоритмы старт,4950.0,2026-08-09T14:01:24,purchases.xlsx; row 112; timezone unspecified,paid,,
hpay_0112,historical,hist_476,ML старт,4450.0,2026-08-09T14:14:07,purchases.xlsx; row 113; timezone unspecified,paid,,
hpay_0113,historical,hist_476,Алгоритмы старт,4450.0,2026-08-09T14:14:07,purchases.xlsx; row 114; timezone unspecified,paid,,
hpay_0114,historical,hist_64,Алгоритмы,4995.0,2026-08-09T14:45:05,purchases.xlsx; row 115; timezone unspecified,paid,,
hpay_0115,historical,hist_335,ML старт,4950.0,2026-08-09T16:07:42,purchases.xlsx; row 116; timezone unspecified,paid,,
hpay_0116,historical,hist_335,Алгоритмы старт,4950.0,2026-08-09T16:07:42,purchases.xlsx; row 117; timezone unspecified,paid,,
hpay_0117,historical,hist_400,Алгоритмы старт,6490.0,2026-08-09T16:12:09,purchases.xlsx; row 118; timezone unspecified,paid,,
hpay_0118,historical,hist_58,Backend старт,5463.33,2026-08-09T16:12:46,purchases.xlsx; row 119; timezone unspecified,paid,,
hpay_0119,historical,hist_58,ML старт,5463.33,2026-08-09T16:12:46,purchases.xlsx; row 120; timezone unspecified,paid,,
hpay_0120,historical,hist_58,Алгоритмы старт,5463.34,2026-08-09T16:12:46,purchases.xlsx; row 121; timezone unspecified,paid,,
hpay_0121,historical,hist_435,Аналитика про,4950.0,2026-08-09T16:13:53,purchases.xlsx; row 122; timezone unspecified,paid,,
hpay_0122,historical,hist_435,Аналитика старт,4950.0,2026-08-09T16:13:53,purchases.xlsx; row 123; timezone unspecified,paid,,
hpay_0123,historical,hist_365,ML старт,6490.0,2026-08-09T16:15:08,purchases.xlsx; row 124; timezone unspecified,paid,,
hpay_0124,historical,hist_286,Аналитика старт,6490.0,2026-08-09T16:16:39,purchases.xlsx; row 125; timezone unspecified,paid,,
hpay_0125,historical,hist_96,Аналитика старт,6490.0,2026-08-09T16:21:43,purchases.xlsx; row 126; timezone unspecified,paid,,
hpay_0126,historical,hist_321,ML старт,6490.0,2026-08-09T16:24:15,purchases.xlsx; row 127; timezone unspecified,paid,,
hpay_0127,historical,hist_550,Алгоритмы старт,5463.34,2026-08-09T16:24:42,purchases.xlsx; row 128; timezone unspecified,paid,,
hpay_0128,historical,hist_577,Backend старт,5463.33,2026-08-09T16:26:30,purchases.xlsx; row 129; timezone unspecified,paid,,
hpay_0129,historical,hist_176,Алгоритмы,6490.0,2026-08-09T16:29:58,purchases.xlsx; row 130; timezone unspecified,paid,,
hpay_0130,historical,hist_331,Алгоритмы старт,4995.0,2026-08-09T16:31:09,purchases.xlsx; row 131; timezone unspecified,paid,,
hpay_0131,historical,hist_331,Аналитика старт,4995.0,2026-08-09T16:31:09,purchases.xlsx; row 132; timezone unspecified,paid,,
hpay_0132,historical,hist_138,ML старт,6490.0,2026-08-09T16:33:22,purchases.xlsx; row 133; timezone unspecified,paid,,
hpay_0133,historical,hist_40,Аналитика старт,6490.0,2026-08-09T16:36:02,purchases.xlsx; row 134; timezone unspecified,paid,,
hpay_0134,historical,hist_488,Алгоритмы,19350.0,2026-08-09T16:36:09,purchases.xlsx; row 135; timezone unspecified,paid,,
hpay_0135,historical,hist_462,Алгоритмы старт,500.0,2026-08-09T16:45:22,purchases.xlsx; row 136; timezone unspecified,paid,,
hpay_0136,historical,hist_329,Алгоритмы старт,6490.0,2026-08-09T16:51:47,purchases.xlsx; row 137; timezone unspecified,paid,,
hpay_0137,historical,hist_12,Backend старт,6490.0,2026-08-09T16:52:01,purchases.xlsx; row 138; timezone unspecified,paid,,
hpay_0138,historical,hist_371,ML старт,4950.0,2026-08-09T17:17:09,purchases.xlsx; row 139; timezone unspecified,paid,,
hpay_0139,historical,hist_371,Алгоритмы старт,4950.0,2026-08-09T17:17:09,purchases.xlsx; row 140; timezone unspecified,paid,,
hpay_0140,historical,hist_380,ML старт,6490.0,2026-08-09T17:19:11,purchases.xlsx; row 141; timezone unspecified,paid,,
hpay_0141,historical,hist_184,Алгоритмы старт,4950.0,2026-08-09T17:20:07,purchases.xlsx; row 142; timezone unspecified,paid,,
hpay_0142,historical,hist_470,ML старт,4950.0,2026-08-09T17:24:05,purchases.xlsx; row 143; timezone unspecified,paid,,
hpay_0143,historical,hist_470,Алгоритмы,4950.0,2026-08-09T17:24:05,purchases.xlsx; row 144; timezone unspecified,paid,,
hpay_0144,historical,hist_319,ML старт,4950.0,2026-08-09T17:25:06,purchases.xlsx; row 145; timezone unspecified,paid,,
hpay_0145,historical,hist_402,ML старт,4995.0,2026-08-09T17:25:40,purchases.xlsx; row 146; timezone unspecified,paid,,
hpay_0146,historical,hist_402,Алгоритмы старт,4995.0,2026-08-09T17:25:40,purchases.xlsx; row 147; timezone unspecified,paid,,
hpay_0147,historical,hist_563,Аналитика старт,6490.0,2026-08-09T17:28:24,purchases.xlsx; row 148; timezone unspecified,paid,,
hpay_0148,historical,hist_597,ML старт,5990.0,2026-08-09T18:00:04,purchases.xlsx; row 149; timezone unspecified,paid,,
hpay_0149,historical,hist_589,Алгоритмы старт,5990.0,2026-08-09T18:06:31,purchases.xlsx; row 150; timezone unspecified,paid,,
hpay_0150,historical,hist_65,Аналитика старт,6490.0,2026-08-09T18:45:20,purchases.xlsx; row 151; timezone unspecified,paid,,
hpay_0151,historical,hist_103,Аналитика старт,6490.0,2026-08-09T18:46:42,purchases.xlsx; row 152; timezone unspecified,paid,,
hpay_0152,historical,hist_62,Backend старт,4995.0,2026-08-09T18:47:09,purchases.xlsx; row 153; timezone unspecified,paid,,
hpay_0153,historical,hist_62,Алгоритмы старт,4995.0,2026-08-09T18:47:09,purchases.xlsx; row 154; timezone unspecified,paid,,
hpay_0154,historical,hist_187,Алгоритмы старт,4495.0,2026-08-09T18:48:05,purchases.xlsx; row 155; timezone unspecified,paid,,
hpay_0155,historical,hist_187,Аналитика старт,4495.0,2026-08-09T18:48:05,purchases.xlsx; row 156; timezone unspecified,paid,,
hpay_0156,historical,hist_369,Алгоритмы старт,4495.0,2026-08-09T18:53:23,purchases.xlsx; row 157; timezone unspecified,paid,,
hpay_0157,historical,hist_282,ML про,8745.0,2026-08-09T18:55:57,purchases.xlsx; row 158; timezone unspecified,paid,,
hpay_0158,historical,hist_323,Backend старт,4995.0,2026-08-09T18:56:09,purchases.xlsx; row 159; timezone unspecified,paid,,
hpay_0159,historical,hist_323,Алгоритмы,4995.0,2026-08-09T18:56:09,purchases.xlsx; row 160; timezone unspecified,paid,,
hpay_0160,historical,hist_382,ML старт,4450.0,2026-08-09T18:58:42,purchases.xlsx; row 161; timezone unspecified,paid,,
hpay_0161,historical,hist_382,Алгоритмы старт,4450.0,2026-08-09T18:58:42,purchases.xlsx; row 162; timezone unspecified,paid,,
hpay_0162,historical,hist_228,Data Science,6450.0,2026-08-09T19:02:28,purchases.xlsx; row 163; timezone unspecified,paid,,
hpay_0163,historical,hist_84,Backend старт,6490.0,2026-08-09T19:07:32,purchases.xlsx; row 164; timezone unspecified,paid,,
hpay_0164,historical,hist_374,Data Science,6450.0,2026-08-09T19:11:48,purchases.xlsx; row 165; timezone unspecified,paid,,
hpay_0165,historical,hist_63,Data Engenering,6450.0,2026-08-09T19:29:08,purchases.xlsx; row 166; timezone unspecified,paid,,
hpay_0166,historical,hist_63,Data Science,6450.0,2026-08-09T19:29:08,purchases.xlsx; row 167; timezone unspecified,paid,,
hpay_0167,historical,hist_433,ML старт,4950.0,2026-08-09T19:40:37,purchases.xlsx; row 168; timezone unspecified,paid,,
hpay_0168,historical,hist_433,Алгоритмы старт,4950.0,2026-08-09T19:40:37,purchases.xlsx; row 169; timezone unspecified,paid,,
hpay_0169,historical,hist_439,Backend старт,6490.0,2026-08-09T20:20:29,purchases.xlsx; row 170; timezone unspecified,paid,,
hpay_0170,historical,hist_223,Алгоритмы старт,6490.0,2026-08-09T20:27:29,purchases.xlsx; row 171; timezone unspecified,paid,,
hpay_0171,historical,hist_508,Backend старт,4950.0,2026-08-09T21:33:27,purchases.xlsx; row 172; timezone unspecified,paid,,
hpay_0172,historical,hist_508,Алгоритмы старт,4950.0,2026-08-09T21:33:27,purchases.xlsx; row 173; timezone unspecified,paid,,
hpay_0173,historical,hist_478,Data Engenering,6450.0,2026-08-10T00:13:55,purchases.xlsx; row 174; timezone unspecified,paid,,
hpay_0174,historical,hist_57,ML старт,4950.0,2026-08-10T00:14:10,purchases.xlsx; row 175; timezone unspecified,paid,,
hpay_0175,historical,hist_445,Аналитика про,4950.0,2026-08-10T00:36:19,purchases.xlsx; row 176; timezone unspecified,paid,,
hpay_0176,historical,hist_93,К ВУЗу,6950.0,2026-08-10T05:56:12,purchases.xlsx; row 177; timezone unspecified,paid,,
hpay_0177,historical,hist_186,Алгоритмы старт,4950.0,2026-08-10T06:13:10,purchases.xlsx; row 178; timezone unspecified,paid,,
hpay_0178,historical,hist_544,Алгоритмы,4995.0,2026-08-10T06:26:01,purchases.xlsx; row 179; timezone unspecified,paid,,
hpay_0179,historical,hist_83,Аналитика старт,6490.0,2026-08-10T07:52:44,purchases.xlsx; row 180; timezone unspecified,paid,,
hpay_0180,historical,hist_152,ML старт,6490.0,2026-08-10T08:42:13,purchases.xlsx; row 181; timezone unspecified,paid,,
hpay_0181,historical,hist_446,Data Engenering,6950.0,2026-08-10T09:02:50,purchases.xlsx; row 182; timezone unspecified,paid,,
hpay_0182,historical,hist_106,Backend старт,4950.0,2026-08-10T10:53:02,purchases.xlsx; row 183; timezone unspecified,paid,,
hpay_0183,historical,hist_106,Алгоритмы старт,4950.0,2026-08-10T10:53:02,purchases.xlsx; row 184; timezone unspecified,paid,,
hpay_0184,historical,hist_158,Backend старт,4700.0,2026-08-10T12:37:30,purchases.xlsx; row 185; timezone unspecified,paid,,
hpay_0185,historical,hist_158,Алгоритмы,4700.0,2026-08-10T12:37:30,purchases.xlsx; row 186; timezone unspecified,paid,,
hpay_0186,historical,hist_164,ML старт,8745.0,2026-08-10T13:08:15,purchases.xlsx; row 187; timezone unspecified,paid,,
hpay_0187,historical,hist_500,Аналитика старт,6490.0,2026-08-10T13:21:01,purchases.xlsx; row 188; timezone unspecified,paid,,
hpay_0188,historical,hist_467,Аналитика старт,6490.0,2026-08-10T13:55:50,purchases.xlsx; row 189; timezone unspecified,paid,,
hpay_0189,historical,hist_217,К ВУЗу,6950.0,2026-08-10T14:24:20,purchases.xlsx; row 190; timezone unspecified,paid,,
hpay_0190,historical,hist_258,Алгоритмы,6490.0,2026-08-10T15:03:03,purchases.xlsx; row 191; timezone unspecified,paid,,
hpay_0191,historical,hist_408,Аналитика старт,6490.0,2026-08-10T15:22:41,purchases.xlsx; row 192; timezone unspecified,paid,,
hpay_0192,historical,hist_584,Алгоритмы старт,6490.0,2026-08-10T15:33:39,purchases.xlsx; row 193; timezone unspecified,paid,,
hpay_0193,historical,hist_519,Алгоритмы старт,4950.0,2026-08-10T16:09:27,purchases.xlsx; row 194; timezone unspecified,paid,,
hpay_0194,historical,hist_519,Аналитика про,4950.0,2026-08-10T16:09:27,purchases.xlsx; row 195; timezone unspecified,paid,,
hpay_0195,historical,hist_519,Аналитика старт,4950.0,2026-08-10T16:09:27,purchases.xlsx; row 196; timezone unspecified,paid,,
hpay_0196,historical,hist_86,Алгоритмы старт,4950.0,2026-08-10T16:16:30,purchases.xlsx; row 197; timezone unspecified,paid,,
hpay_0197,historical,hist_21,Алгоритмы старт,4950.0,2026-08-10T16:29:36,purchases.xlsx; row 198; timezone unspecified,paid,,
hpay_0198,historical,hist_21,Аналитика старт,4950.0,2026-08-10T16:29:36,purchases.xlsx; row 199; timezone unspecified,paid,,
hpay_0199,historical,hist_16,ML старт,4950.0,2026-08-10T16:56:42,purchases.xlsx; row 200; timezone unspecified,paid,,
hpay_0200,historical,hist_16,Алгоритмы старт,4950.0,2026-08-10T16:56:42,purchases.xlsx; row 201; timezone unspecified,paid,,
hpay_0201,historical,hist_67,Аналитика старт,6490.0,2026-08-10T18:01:06,purchases.xlsx; row 202; timezone unspecified,paid,,
hpay_0202,historical,hist_498,Аналитика про,4500.0,2026-08-10T18:10:53,purchases.xlsx; row 203; timezone unspecified,paid,,
hpay_0203,historical,hist_498,Аналитика старт,4500.0,2026-08-10T18:10:53,purchases.xlsx; row 204; timezone unspecified,paid,,
hpay_0204,historical,hist_52,К ВУЗу,6450.0,2026-08-10T18:12:59,purchases.xlsx; row 205; timezone unspecified,paid,,
hpay_0205,historical,hist_464,Аналитика старт,4500.0,2026-08-10T18:30:49,purchases.xlsx; row 206; timezone unspecified,paid,,
hpay_0206,historical,hist_606,К ВУЗу,6450.0,2026-08-10T18:36:00,purchases.xlsx; row 207; timezone unspecified,paid,,
hpay_0207,historical,hist_546,Аналитика старт,6490.0,2026-08-10T19:07:51,purchases.xlsx; row 208; timezone unspecified,paid,,
hpay_0208,historical,hist_389,Аналитика старт,5990.0,2026-08-10T19:12:23,purchases.xlsx; row 209; timezone unspecified,paid,,
hpay_0209,historical,hist_588,К ВУЗу,6450.0,2026-08-11T02:43:57,purchases.xlsx; row 210; timezone unspecified,paid,,
hpay_0210,historical,hist_173,ML старт,4950.0,2026-08-11T07:48:36,purchases.xlsx; row 211; timezone unspecified,paid,,
hpay_0211,historical,hist_173,Алгоритмы старт,4950.0,2026-08-11T07:48:36,purchases.xlsx; row 212; timezone unspecified,paid,,
hpay_0212,historical,hist_417,К ВУЗу,6950.0,2026-08-11T10:51:54,purchases.xlsx; row 213; timezone unspecified,paid,,
hpay_0213,historical,hist_281,ML старт,4950.0,2026-08-11T12:02:08,purchases.xlsx; row 214; timezone unspecified,paid,,
hpay_0214,historical,hist_339,К ВУЗу,6450.0,2026-08-11T12:22:26,purchases.xlsx; row 215; timezone unspecified,paid,,
hpay_0215,historical,hist_82,Аналитика про,3245.0,2026-08-11T12:46:14,purchases.xlsx; row 216; timezone unspecified,paid,,
hpay_0216,historical,hist_82,Аналитика старт,3245.0,2026-08-11T12:46:14,purchases.xlsx; row 217; timezone unspecified,paid,,
hpay_0217,historical,hist_142,Аналитика старт,6490.0,2026-08-11T15:49:13,purchases.xlsx; row 218; timezone unspecified,paid,,
hpay_0218,historical,hist_304,К ВУЗу,6950.0,2026-08-11T15:52:40,purchases.xlsx; row 219; timezone unspecified,paid,,
hpay_0219,historical,hist_311,ML старт,4950.0,2026-08-11T16:15:41,purchases.xlsx; row 220; timezone unspecified,paid,,
hpay_0220,historical,hist_311,Алгоритмы старт,4950.0,2026-08-11T16:15:41,purchases.xlsx; row 221; timezone unspecified,paid,,
hpay_0221,historical,hist_453,Алгоритмы старт,4950.0,2026-08-11T17:07:53,purchases.xlsx; row 222; timezone unspecified,paid,,
hpay_0222,historical,hist_505,ML старт,4950.0,2026-08-11T18:00:05,purchases.xlsx; row 223; timezone unspecified,paid,,
hpay_0223,historical,hist_505,Алгоритмы старт,4950.0,2026-08-11T18:00:05,purchases.xlsx; row 224; timezone unspecified,paid,,
hpay_0224,historical,hist_112,ML про,8475.0,2026-08-11T18:41:42,purchases.xlsx; row 225; timezone unspecified,paid,,
hpay_0225,historical,hist_112,ML старт,8475.0,2026-08-11T18:41:42,purchases.xlsx; row 226; timezone unspecified,paid,,
hpay_0226,historical,hist_179,Аналитика старт,6490.0,2026-08-12T02:06:02,purchases.xlsx; row 227; timezone unspecified,paid,,
hpay_0227,historical,hist_537,ML старт,4950.0,2026-08-12T04:49:43,purchases.xlsx; row 228; timezone unspecified,paid,,
hpay_0228,historical,hist_537,Алгоритмы старт,4950.0,2026-08-12T04:49:43,purchases.xlsx; row 229; timezone unspecified,paid,,
hpay_0229,historical,hist_46,К ВУЗу,6450.0,2026-08-12T05:13:04,purchases.xlsx; row 230; timezone unspecified,paid,,
hpay_0230,historical,hist_260,Алгоритмы,4950.0,2026-08-12T05:32:11,purchases.xlsx; row 231; timezone unspecified,paid,,
hpay_0231,historical,hist_260,Алгоритмы про,4950.0,2026-08-12T05:32:11,purchases.xlsx; row 232; timezone unspecified,paid,,
hpay_0232,historical,hist_234,ML старт,4950.0,2026-08-12T06:04:03,purchases.xlsx; row 233; timezone unspecified,paid,,
hpay_0233,historical,hist_332,ML старт,9900.0,2026-08-12T06:44:05,purchases.xlsx; row 234; timezone unspecified,paid,,
hpay_0234,historical,hist_41,ML старт,6500.0,2026-08-12T10:22:39,purchases.xlsx; row 235; timezone unspecified,paid,,
hpay_0235,historical,hist_536,Аналитика про,8475.0,2026-08-12T12:22:52,purchases.xlsx; row 236; timezone unspecified,paid,,
hpay_0236,historical,hist_536,Аналитика старт,8475.0,2026-08-12T12:22:52,purchases.xlsx; row 237; timezone unspecified,paid,,
hpay_0237,historical,hist_460,Аналитика старт,8745.0,2026-08-12T13:12:40,purchases.xlsx; row 238; timezone unspecified,paid,,
hpay_0238,historical,hist_388,ML старт,7000.0,2026-08-12T13:28:18,purchases.xlsx; row 239; timezone unspecified,paid,,
hpay_0239,historical,hist_521,К ВУЗу,6450.0,2026-08-12T14:21:51,purchases.xlsx; row 240; timezone unspecified,paid,,
hpay_0240,historical,hist_586,Аналитика старт,8745.0,2026-08-12T17:45:53,purchases.xlsx; row 241; timezone unspecified,paid,,
hpay_0241,historical,hist_170,ML старт,6000.0,2026-08-12T17:51:00,purchases.xlsx; row 242; timezone unspecified,paid,,
hpay_0242,historical,hist_348,К ВУЗу,6950.0,2026-08-12T19:17:21,purchases.xlsx; row 243; timezone unspecified,paid,,
hpay_0243,historical,hist_364,Аналитика про,8475.0,2026-08-13T00:01:02,purchases.xlsx; row 244; timezone unspecified,paid,,
hpay_0244,historical,hist_66,Алгоритмы старт,8745.0,2026-08-13T05:36:55,purchases.xlsx; row 245; timezone unspecified,paid,,
hpay_0245,historical,hist_426,ML старт,6000.0,2026-08-13T09:26:22,purchases.xlsx; row 246; timezone unspecified,paid,,
hpay_0246,historical,hist_342,Теория вероятностей,9950.0,2026-08-13T09:48:34,purchases.xlsx; row 247; timezone unspecified,paid,,
hpay_0247,historical,hist_275,Алгоритмы старт,8745.0,2026-08-13T09:51:23,purchases.xlsx; row 248; timezone unspecified,paid,,
hpay_0248,historical,hist_132,Аналитика про,8745.0,2026-08-13T11:39:13,purchases.xlsx; row 249; timezone unspecified,paid,,
hpay_0249,historical,hist_175,Теория вероятностей,9950.0,2026-08-13T16:14:01,purchases.xlsx; row 250; timezone unspecified,paid,,
hpay_0250,historical,hist_153,Алгоритмы,5750.0,2026-08-13T18:30:59,purchases.xlsx; row 251; timezone unspecified,paid,,
hpay_0251,historical,hist_208,К ВУЗу,6450.0,2026-08-13T19:25:17,purchases.xlsx; row 252; timezone unspecified,paid,,
hpay_0252,historical,hist_79,Теория вероятностей,9950.0,2026-08-14T04:09:52,purchases.xlsx; row 253; timezone unspecified,paid,,
hpay_0253,historical,hist_229,Теория вероятностей,9950.0,2026-08-14T04:19:44,purchases.xlsx; row 254; timezone unspecified,paid,,
hpay_0254,historical,hist_474,К ВУЗу,6950.0,2026-08-14T07:16:32,purchases.xlsx; row 255; timezone unspecified,paid,,
hpay_0255,historical,hist_45,Алгоритмы,5750.0,2026-08-14T10:04:52,purchases.xlsx; row 256; timezone unspecified,paid,,
hpay_0256,historical,hist_442,К ВУЗу,6950.0,2026-08-14T11:21:45,purchases.xlsx; row 257; timezone unspecified,paid,,
hpay_0257,historical,hist_316,АВ тестам,4495.0,2026-08-14T12:59:02,purchases.xlsx; row 258; timezone unspecified,paid,,
hpay_0258,historical,hist_448,ML про,8475.0,2026-08-14T14:23:30,purchases.xlsx; row 259; timezone unspecified,paid,,
hpay_0259,historical,hist_448,ML старт,8475.0,2026-08-14T14:23:30,purchases.xlsx; row 260; timezone unspecified,paid,,
hpay_0260,historical,hist_391,Алгоритмы старт,8745.0,2026-08-14T18:55:11,purchases.xlsx; row 261; timezone unspecified,paid,,
hpay_0261,historical,hist_420,К ВУЗу,6950.0,2026-08-14T20:17:00,purchases.xlsx; row 262; timezone unspecified,paid,,
hpay_0262,historical,hist_276,ML старт,2875.0,2026-08-15T12:43:23,purchases.xlsx; row 263; timezone unspecified,paid,,
hpay_0263,historical,hist_276,Алгоритмы старт,2875.0,2026-08-15T12:43:23,purchases.xlsx; row 264; timezone unspecified,paid,,
hpay_0264,historical,hist_162,К ВУЗу,6950.0,2026-08-15T12:51:04,purchases.xlsx; row 265; timezone unspecified,paid,,
hpay_0265,historical,hist_130,Алгоритмы,9950.0,2026-08-15T14:59:16,purchases.xlsx; row 266; timezone unspecified,paid,,
hpay_0266,historical,hist_482,ML старт,8475.0,2026-08-15T16:30:16,purchases.xlsx; row 267; timezone unspecified,paid,,
hpay_0267,historical,hist_482,Алгоритмы,8475.0,2026-08-15T16:30:16,purchases.xlsx; row 268; timezone unspecified,paid,,
hpay_0268,historical,hist_484,Аналитика старт,8745.0,2026-08-15T19:17:47,purchases.xlsx; row 269; timezone unspecified,paid,,
hpay_0269,historical,hist_564,Аналитика старт,8745.0,2026-08-16T04:38:14,purchases.xlsx; row 270; timezone unspecified,paid,,
hpay_0270,historical,hist_479,Аналитика старт,8745.0,2026-08-16T09:40:02,purchases.xlsx; row 271; timezone unspecified,paid,,
hpay_0271,historical,hist_441,Алгоритмы старт,8745.0,2026-08-16T09:40:30,purchases.xlsx; row 272; timezone unspecified,paid,,
hpay_0272,historical,hist_133,Аналитика про,4950.0,2026-08-16T09:59:37,purchases.xlsx; row 273; timezone unspecified,paid,,
hpay_0273,historical,hist_133,Аналитика старт,4950.0,2026-08-16T09:59:37,purchases.xlsx; row 274; timezone unspecified,paid,,
hpay_0274,historical,hist_143,К ВУЗу,6950.0,2026-08-16T13:21:36,purchases.xlsx; row 275; timezone unspecified,paid,,
hpay_0275,historical,hist_361,ML старт,8745.0,2026-08-17T10:53:42,purchases.xlsx; row 276; timezone unspecified,paid,,
hpay_0276,historical,hist_361,Алгоритмы старт,8745.0,2026-08-17T10:53:42,purchases.xlsx; row 277; timezone unspecified,paid,,
hpay_0277,historical,hist_522,К ВУЗу,6950.0,2026-08-17T16:24:17,purchases.xlsx; row 278; timezone unspecified,paid,,
hpay_0278,historical,hist_562,ML старт,8745.0,2026-08-17T22:34:23,purchases.xlsx; row 279; timezone unspecified,paid,,
hpay_0279,historical,hist_346,ML старт,8745.0,2026-08-18T10:15:05,purchases.xlsx; row 280; timezone unspecified,paid,,
hpay_0280,historical,hist_477,Линейная алгебра,9450.0,2026-08-18T15:06:11,purchases.xlsx; row 281; timezone unspecified,paid,,
hpay_0281,historical,hist_603,Аналитика старт,8745.0,2026-08-18T16:34:39,purchases.xlsx; row 282; timezone unspecified,paid,,
hpay_0282,historical,hist_75,Аналитика про,8475.0,2026-08-18T18:53:33,purchases.xlsx; row 283; timezone unspecified,paid,,
hpay_0283,historical,hist_75,Аналитика старт,8475.0,2026-08-18T18:53:33,purchases.xlsx; row 284; timezone unspecified,paid,,
hpay_0284,historical,hist_70,Аналитика старт,8475.0,2026-08-18T19:10:04,purchases.xlsx; row 285; timezone unspecified,paid,,
hpay_0285,historical,hist_413,Аналитика старт,8745.0,2026-08-18T19:40:47,purchases.xlsx; row 286; timezone unspecified,paid,,
hpay_0286,historical,hist_468,Линейная алгебра,9450.0,2026-08-19T07:10:12,purchases.xlsx; row 287; timezone unspecified,paid,,
hpay_0287,historical,hist_287,Data Science,6950.0,2026-08-19T07:46:07,purchases.xlsx; row 288; timezone unspecified,paid,,
hpay_0288,historical,hist_575,Алгоритмы старт,8245.0,2026-08-19T09:21:46,purchases.xlsx; row 289; timezone unspecified,paid,,
hpay_0289,historical,hist_575,Аналитика про,8245.0,2026-08-19T09:21:46,purchases.xlsx; row 290; timezone unspecified,paid,,
hpay_0290,historical,hist_575,Аналитика старт,8245.0,2026-08-19T09:21:46,purchases.xlsx; row 291; timezone unspecified,paid,,
hpay_0291,historical,hist_386,Backend про,7000.0,2026-08-19T13:53:46,purchases.xlsx; row 292; timezone unspecified,paid,,
hpay_0292,historical,hist_592,Алгоритмы старт,8245.0,2026-08-19T20:38:02,purchases.xlsx; row 293; timezone unspecified,paid,,
hpay_0293,historical,hist_351,Линейная алгебра,9450.0,2026-08-20T11:12:25,purchases.xlsx; row 294; timezone unspecified,paid,,
hpay_0294,historical,hist_392,Аналитика старт,8745.0,2026-08-20T13:14:17,purchases.xlsx; row 295; timezone unspecified,paid,,
hpay_0295,historical,hist_501,ML старт,8745.0,2026-08-20T14:06:32,purchases.xlsx; row 296; timezone unspecified,paid,,
hpay_0296,historical,hist_492,Теория вероятностей,9950.0,2026-08-20T14:21:52,purchases.xlsx; row 297; timezone unspecified,paid,,
hpay_0297,historical,hist_146,К ВУЗу,6950.0,2026-08-20T16:27:30,purchases.xlsx; row 298; timezone unspecified,paid,,
hpay_0298,historical,hist_101,Алгоритмы старт,8745.0,2026-08-20T17:34:00,purchases.xlsx; row 299; timezone unspecified,paid,,
hpay_0299,historical,hist_199,Мат анализ,9950.0,2026-08-21T09:02:18,purchases.xlsx; row 300; timezone unspecified,paid,,
hpay_0300,historical,hist_578,Аналитика про,8245.0,2026-08-21T12:29:55,purchases.xlsx; row 301; timezone unspecified,paid,,
hpay_0301,historical,hist_92,Линейная алгебра,9950.0,2026-08-21T15:14:39,purchases.xlsx; row 302; timezone unspecified,paid,,
hpay_0302,historical,hist_69,К ВУЗу,6950.0,2026-08-22T04:22:43,purchases.xlsx; row 303; timezone unspecified,paid,,
hpay_0303,historical,hist_437,AI агенты,8950.0,2026-08-22T08:23:59,purchases.xlsx; row 304; timezone unspecified,paid,,
hpay_0304,historical,hist_218,Backend про,8475.0,2026-08-22T09:03:23,purchases.xlsx; row 305; timezone unspecified,paid,,
hpay_0305,historical,hist_218,Алгоритмы про,8475.0,2026-08-22T09:03:23,purchases.xlsx; row 306; timezone unspecified,paid,,
hpay_0306,historical,hist_156,Алгоритмы про,7475.0,2026-08-22T10:54:14,purchases.xlsx; row 307; timezone unspecified,paid,,
hpay_0307,historical,hist_156,Алгоритмы старт,7475.0,2026-08-22T10:54:14,purchases.xlsx; row 308; timezone unspecified,paid,,
hpay_0308,historical,hist_211,AI агенты,7475.0,2026-08-22T11:08:24,purchases.xlsx; row 309; timezone unspecified,paid,,
hpay_0309,historical,hist_211,ML про,7475.0,2026-08-22T11:08:24,purchases.xlsx; row 310; timezone unspecified,paid,,
hpay_0310,historical,hist_370,Backend про,5750.0,2026-08-22T11:14:12,purchases.xlsx; row 311; timezone unspecified,paid,,
hpay_0311,historical,hist_277,Backend про,5750.0,2026-08-22T11:24:53,purchases.xlsx; row 312; timezone unspecified,paid,,
hpay_0312,historical,hist_293,Backend про,8950.0,2026-08-22T11:35:35,purchases.xlsx; row 313; timezone unspecified,paid,,
hpay_0313,historical,hist_353,Аналитика старт,8950.0,2026-08-22T11:39:22,purchases.xlsx; row 314; timezone unspecified,paid,,
hpay_0314,historical,hist_458,Backend про,8450.0,2026-08-22T11:58:37,purchases.xlsx; row 315; timezone unspecified,paid,,
hpay_0315,historical,hist_87,Алгоритмы про,7475.0,2026-08-22T13:23:20,purchases.xlsx; row 316; timezone unspecified,paid,,
hpay_0316,historical,hist_248,ML про,7475.0,2026-08-22T13:43:42,purchases.xlsx; row 317; timezone unspecified,paid,,
hpay_0317,historical,hist_496,ML старт,8950.0,2026-08-22T15:01:37,purchases.xlsx; row 318; timezone unspecified,paid,,
hpay_0318,historical,hist_372,AI агенты,7450.0,2026-08-22T15:11:44,purchases.xlsx; row 319; timezone unspecified,paid,,
hpay_0319,historical,hist_525,Аналитика старт,8950.0,2026-08-22T15:39:49,purchases.xlsx; row 320; timezone unspecified,paid,,
hpay_0320,historical,hist_600,AI агенты,7450.0,2026-08-22T15:48:13,purchases.xlsx; row 321; timezone unspecified,paid,,
hpay_0321,historical,hist_485,Аналитика про,8450.0,2026-08-22T16:02:00,purchases.xlsx; row 322; timezone unspecified,paid,,
hpay_0322,historical,hist_5,ML про,5750.0,2026-08-22T16:19:00,purchases.xlsx; row 323; timezone unspecified,paid,,
hpay_0323,historical,hist_595,AI агенты,7475.0,2026-08-22T16:55:59,purchases.xlsx; row 324; timezone unspecified,paid,,
hpay_0324,historical,hist_595,ML про,7475.0,2026-08-22T16:55:59,purchases.xlsx; row 325; timezone unspecified,paid,,
hpay_0325,historical,hist_17,Алгоритмы,9950.0,2026-08-22T17:01:20,purchases.xlsx; row 326; timezone unspecified,paid,,
hpay_0326,historical,hist_297,Алгоритмы,8450.0,2026-08-22T17:26:07,purchases.xlsx; row 327; timezone unspecified,paid,,
hpay_0327,historical,hist_240,Алгоритмы про,6450.0,2026-08-22T18:00:15,purchases.xlsx; row 328; timezone unspecified,paid,,
hpay_0328,historical,hist_373,Алгоритмы про,7475.0,2026-08-22T18:58:36,purchases.xlsx; row 329; timezone unspecified,paid,,
hpay_0329,historical,hist_373,Алгоритмы старт,7475.0,2026-08-22T18:58:36,purchases.xlsx; row 330; timezone unspecified,paid,,
hpay_0330,historical,hist_220,Линейная алгебра,9950.0,2026-08-22T19:19:35,purchases.xlsx; row 331; timezone unspecified,paid,,
hpay_0331,historical,hist_200,Аналитика про,7475.0,2026-08-22T19:40:16,purchases.xlsx; row 332; timezone unspecified,paid,,
hpay_0332,historical,hist_200,Аналитика старт,7475.0,2026-08-22T19:40:16,purchases.xlsx; row 333; timezone unspecified,paid,,
hpay_0333,historical,hist_263,ML про,8950.0,2026-08-22T19:53:10,purchases.xlsx; row 334; timezone unspecified,paid,,
hpay_0334,historical,hist_559,Алгоритмы,8450.0,2026-08-23T04:11:37,purchases.xlsx; row 335; timezone unspecified,paid,,
hpay_0335,historical,hist_338,Аналитика про,7475.0,2026-08-23T06:47:37,purchases.xlsx; row 336; timezone unspecified,paid,,
hpay_0336,historical,hist_338,Аналитика старт,7475.0,2026-08-23T06:47:37,purchases.xlsx; row 337; timezone unspecified,paid,,
hpay_0337,historical,hist_209,Backend про,8950.0,2026-08-23T06:58:29,purchases.xlsx; row 338; timezone unspecified,paid,,
hpay_0338,historical,hist_221,Аналитика про,7475.0,2026-08-23T07:41:37,purchases.xlsx; row 339; timezone unspecified,paid,,
hpay_0339,historical,hist_221,Аналитика старт,7475.0,2026-08-23T07:41:37,purchases.xlsx; row 340; timezone unspecified,paid,,
hpay_0340,historical,hist_118,Backend про,8450.0,2026-08-23T08:24:45,purchases.xlsx; row 341; timezone unspecified,paid,,
hpay_0341,historical,hist_514,ML старт,8950.0,2026-08-23T09:48:08,purchases.xlsx; row 342; timezone unspecified,paid,,
hpay_0342,historical,hist_312,Аналитика про,7475.0,2026-08-23T09:59:13,purchases.xlsx; row 343; timezone unspecified,paid,,
hpay_0343,historical,hist_30,ML про,8950.0,2026-08-23T10:06:51,purchases.xlsx; row 344; timezone unspecified,paid,,
hpay_0344,historical,hist_581,ML про,8950.0,2026-08-23T11:19:47,purchases.xlsx; row 345; timezone unspecified,paid,,
hpay_0345,historical,hist_341,ML про,8950.0,2026-08-23T11:59:04,purchases.xlsx; row 346; timezone unspecified,paid,,
hpay_0346,historical,hist_237,AI агенты,8950.0,2026-08-23T13:29:45,purchases.xlsx; row 347; timezone unspecified,paid,,
hpay_0347,historical,hist_447,Backend про,8450.0,2026-08-23T13:46:56,purchases.xlsx; row 348; timezone unspecified,paid,,
hpay_0348,historical,hist_98,Аналитика про,7475.0,2026-08-23T14:14:48,purchases.xlsx; row 349; timezone unspecified,paid,,
hpay_0349,historical,hist_98,Аналитика старт,7475.0,2026-08-23T14:14:48,purchases.xlsx; row 350; timezone unspecified,paid,,
hpay_0350,historical,hist_580,AI агенты,8950.0,2026-08-23T14:38:29,purchases.xlsx; row 351; timezone unspecified,paid,,
hpay_0351,historical,hist_71,Алгоритмы,8450.0,2026-08-23T14:57:08,purchases.xlsx; row 352; timezone unspecified,paid,,
hpay_0352,historical,hist_436,Алгоритмы про,8450.0,2026-08-23T15:04:52,purchases.xlsx; row 353; timezone unspecified,paid,,
hpay_0353,historical,hist_229,AI агенты,8450.0,2026-08-23T15:38:51,purchases.xlsx; row 354; timezone unspecified,paid,,
hpay_0354,historical,hist_307,Аналитика про,8450.0,2026-08-23T15:39:57,purchases.xlsx; row 355; timezone unspecified,paid,,
hpay_0355,historical,hist_235,AI агенты,8450.0,2026-08-23T16:04:24,purchases.xlsx; row 356; timezone unspecified,paid,,
hpay_0356,historical,hist_430,К ВУЗу,8000.0,2026-08-23T16:17:56,purchases.xlsx; row 357; timezone unspecified,paid,,
hpay_0357,historical,hist_172,AI агенты,8950.0,2026-08-23T16:29:57,purchases.xlsx; row 358; timezone unspecified,paid,,
hpay_0358,historical,hist_315,AI агенты,7475.0,2026-08-23T16:40:25,purchases.xlsx; row 359; timezone unspecified,paid,,
hpay_0359,historical,hist_315,Backend про,7475.0,2026-08-23T16:40:25,purchases.xlsx; row 360; timezone unspecified,paid,,
hpay_0360,historical,hist_149,ML про,8950.0,2026-08-23T16:50:14,purchases.xlsx; row 361; timezone unspecified,paid,,
hpay_0361,historical,hist_290,Аналитика старт,7475.0,2026-08-23T16:53:02,purchases.xlsx; row 362; timezone unspecified,paid,,
hpay_0362,historical,hist_557,ML про,8950.0,2026-08-23T16:56:11,purchases.xlsx; row 363; timezone unspecified,paid,,
hpay_0363,historical,hist_513,AI агенты,6975.0,2026-08-23T17:34:10,purchases.xlsx; row 364; timezone unspecified,paid,,
hpay_0364,historical,hist_513,Алгоритмы про,6975.0,2026-08-23T17:34:10,purchases.xlsx; row 365; timezone unspecified,paid,,
hpay_0365,historical,hist_424,AI агенты,7475.0,2026-08-23T17:45:31,purchases.xlsx; row 366; timezone unspecified,paid,,
hpay_0366,historical,hist_424,Аналитика про,7475.0,2026-08-23T17:45:31,purchases.xlsx; row 367; timezone unspecified,paid,,
hpay_0367,historical,hist_216,AI агенты,7475.0,2026-08-23T18:13:18,purchases.xlsx; row 368; timezone unspecified,paid,,
hpay_0368,historical,hist_367,Аналитика старт,8245.0,2026-08-23T18:18:15,purchases.xlsx; row 369; timezone unspecified,paid,,
hpay_0369,historical,hist_542,Backend старт,8950.0,2026-08-23T18:26:56,purchases.xlsx; row 370; timezone unspecified,paid,,
hpay_0370,historical,hist_107,AI агенты,6975.0,2026-08-23T18:28:17,purchases.xlsx; row 371; timezone unspecified,paid,,
hpay_0371,historical,hist_107,Аналитика про,6975.0,2026-08-23T18:28:17,purchases.xlsx; row 372; timezone unspecified,paid,,
hpay_0372,historical,hist_298,Аналитика про,6975.0,2026-08-23T18:48:14,purchases.xlsx; row 373; timezone unspecified,paid,,
hpay_0373,historical,hist_95,AI агенты,7475.0,2026-08-23T19:08:11,purchases.xlsx; row 374; timezone unspecified,paid,,
hpay_0374,historical,hist_95,Аналитика про,7475.0,2026-08-23T19:08:11,purchases.xlsx; row 375; timezone unspecified,paid,,
hpay_0375,historical,hist_203,AI агенты,7475.0,2026-08-23T20:42:20,purchases.xlsx; row 376; timezone unspecified,paid,,
hpay_0376,historical,hist_203,Аналитика про,7475.0,2026-08-23T20:42:20,purchases.xlsx; row 377; timezone unspecified,paid,,
hpay_0377,historical,hist_539,AI агенты,8950.0,2026-08-23T20:55:41,purchases.xlsx; row 378; timezone unspecified,paid,,
hpay_0378,historical,hist_257,Backend про,8450.0,2026-08-23T20:56:06,purchases.xlsx; row 379; timezone unspecified,paid,,
hpay_0379,historical,hist_360,AI агенты,8950.0,2026-08-23T20:57:22,purchases.xlsx; row 380; timezone unspecified,paid,,
hpay_0380,historical,hist_213,Аналитика про,8950.0,2026-08-23T20:58:38,purchases.xlsx; row 381; timezone unspecified,paid,,
hpay_0381,historical,hist_104,AI агенты,7475.0,2026-08-23T21:00:30,purchases.xlsx; row 382; timezone unspecified,paid,,
hpay_0382,historical,hist_104,ML про,7475.0,2026-08-23T21:00:30,purchases.xlsx; row 383; timezone unspecified,paid,,
hpay_0383,historical,hist_91,ML старт,8950.0,2026-08-24T00:44:40,purchases.xlsx; row 384; timezone unspecified,paid,,
hpay_0384,historical,hist_357,Теория вероятностей,9950.0,2026-08-24T02:46:33,purchases.xlsx; row 385; timezone unspecified,paid,,
hpay_0385,historical,hist_440,ML про,7475.0,2026-08-24T03:20:05,purchases.xlsx; row 386; timezone unspecified,paid,,
hpay_0386,historical,hist_215,Алгоритмы про,6975.0,2026-08-24T03:22:36,purchases.xlsx; row 387; timezone unspecified,paid,,
hpay_0387,historical,hist_549,AI агенты,8222.5,2026-08-24T05:25:17,purchases.xlsx; row 388; timezone unspecified,paid,,
hpay_0388,historical,hist_549,Backend про,8222.5,2026-08-24T05:25:17,purchases.xlsx; row 389; timezone unspecified,paid,,
hpay_0389,historical,hist_425,AI агенты,8503.0,2026-08-24T07:03:39,purchases.xlsx; row 390; timezone unspecified,paid,,
hpay_0390,historical,hist_489,ML старт,8850.0,2026-08-24T08:47:25,purchases.xlsx; row 391; timezone unspecified,paid,,
hpay_0391,historical,hist_243,AI агенты,8950.0,2026-08-24T10:40:35,purchases.xlsx; row 392; timezone unspecified,paid,,
hpay_0392,historical,hist_268,AI агенты,8950.0,2026-08-24T12:52:49,purchases.xlsx; row 393; timezone unspecified,paid,,
hpay_0393,historical,hist_529,Алгоритмы про,7475.0,2026-08-24T13:11:03,purchases.xlsx; row 394; timezone unspecified,paid,,
hpay_0394,historical,hist_529,Алгоритмы старт,7475.0,2026-08-24T13:11:03,purchases.xlsx; row 395; timezone unspecified,paid,,
hpay_0395,historical,hist_368,Аналитика про,8950.0,2026-08-24T14:21:10,purchases.xlsx; row 396; timezone unspecified,paid,,
hpay_0396,historical,hist_141,Алгоритмы старт,7475.0,2026-08-24T14:48:12,purchases.xlsx; row 397; timezone unspecified,paid,,
hpay_0397,historical,hist_192,AI агенты,7475.0,2026-08-24T15:05:04,purchases.xlsx; row 398; timezone unspecified,paid,,
hpay_0398,historical,hist_192,ML про,7475.0,2026-08-24T15:05:04,purchases.xlsx; row 399; timezone unspecified,paid,,
hpay_0399,historical,hist_475,Линейная алгебра,9950.0,2026-08-24T15:16:31,purchases.xlsx; row 400; timezone unspecified,paid,,
hpay_0400,historical,hist_85,Аналитика про,8950.0,2026-08-24T15:57:32,purchases.xlsx; row 401; timezone unspecified,paid,,
hpay_0401,historical,hist_194,Алгоритмы старт,8950.0,2026-08-24T16:25:21,purchases.xlsx; row 402; timezone unspecified,paid,,
hpay_0402,historical,hist_111,Аналитика про,8950.0,2026-08-24T16:49:26,purchases.xlsx; row 403; timezone unspecified,paid,,
hpay_0403,historical,hist_299,Аналитика про,8950.0,2026-08-24T16:58:19,purchases.xlsx; row 404; timezone unspecified,paid,,
hpay_0404,historical,hist_201,Data Science,6950.0,2026-08-24T17:28:20,purchases.xlsx; row 405; timezone unspecified,paid,,
hpay_0405,historical,hist_263,AI агенты,6000.0,2026-08-25T03:19:38,purchases.xlsx; row 406; timezone unspecified,paid,,
hpay_0406,historical,hist_583,AI агенты,8950.0,2026-08-25T04:27:38,purchases.xlsx; row 407; timezone unspecified,paid,,
hpay_0407,historical,hist_168,AI агенты,7475.0,2026-08-25T06:26:04,purchases.xlsx; row 408; timezone unspecified,paid,,
hpay_0408,historical,hist_168,ML про,7475.0,2026-08-25T06:26:04,purchases.xlsx; row 409; timezone unspecified,paid,,
hpay_0409,historical,hist_165,Аналитика про,8450.0,2026-08-25T07:21:38,purchases.xlsx; row 410; timezone unspecified,paid,,
hpay_0410,historical,hist_455,Backend старт,8950.0,2026-08-25T07:53:50,purchases.xlsx; row 411; timezone unspecified,paid,,
hpay_0411,historical,hist_148,AI агенты,7475.0,2026-08-25T09:49:25,purchases.xlsx; row 412; timezone unspecified,paid,,
hpay_0412,historical,hist_116,АВ тестам,7475.0,2026-08-25T10:01:02,purchases.xlsx; row 413; timezone unspecified,paid,,
hpay_0413,historical,hist_116,Аналитика про,7475.0,2026-08-25T10:01:02,purchases.xlsx; row 414; timezone unspecified,paid,,
hpay_0414,historical,hist_121,AI агенты,8950.0,2026-08-25T11:38:56,purchases.xlsx; row 415; timezone unspecified,paid,,
hpay_0415,historical,hist_138,ML про,5750.0,2026-08-25T12:39:08,purchases.xlsx; row 416; timezone unspecified,paid,,
hpay_0416,historical,hist_463,ML про,8950.0,2026-08-25T13:16:31,purchases.xlsx; row 417; timezone unspecified,paid,,
hpay_0417,historical,hist_560,AI агенты,8950.0,2026-08-25T14:09:51,purchases.xlsx; row 418; timezone unspecified,paid,,
hpay_0418,historical,hist_140,Аналитика старт,8450.0,2026-08-25T16:01:50,purchases.xlsx; row 419; timezone unspecified,paid,,
hpay_0419,historical,hist_202,AI агенты,7475.0,2026-08-25T19:24:14,purchases.xlsx; row 420; timezone unspecified,paid,,
hpay_0420,historical,hist_202,Backend про,7475.0,2026-08-25T19:24:14,purchases.xlsx; row 421; timezone unspecified,paid,,
hpay_0421,historical,hist_452,AI агенты,8450.0,2026-08-25T21:09:34,purchases.xlsx; row 422; timezone unspecified,paid,,
hpay_0422,historical,hist_269,Backend про,7475.0,2026-08-25T22:26:03,purchases.xlsx; row 423; timezone unspecified,paid,,
hpay_0423,historical,hist_163,AI агенты,8450.0,2026-08-26T01:23:32,purchases.xlsx; row 424; timezone unspecified,paid,,
hpay_0424,historical,hist_418,Backend про,7475.0,2026-08-26T04:03:43,purchases.xlsx; row 425; timezone unspecified,paid,,
hpay_0425,historical,hist_418,Backend старт,7475.0,2026-08-26T04:03:43,purchases.xlsx; row 426; timezone unspecified,paid,,
hpay_0426,historical,hist_552,Аналитика про,7475.0,2026-08-26T04:37:12,purchases.xlsx; row 427; timezone unspecified,paid,,
hpay_0427,historical,hist_605,Алгоритмы про,8950.0,2026-08-26T07:26:53,purchases.xlsx; row 428; timezone unspecified,paid,,
hpay_0428,historical,hist_178,AI агенты,8950.0,2026-08-26T09:15:13,purchases.xlsx; row 429; timezone unspecified,paid,,
hpay_0429,historical,hist_599,Аналитика старт,8950.0,2026-08-26T12:25:10,purchases.xlsx; row 430; timezone unspecified,paid,,
hpay_0430,historical,hist_466,ML про,8950.0,2026-08-26T13:56:39,purchases.xlsx; row 431; timezone unspecified,paid,,
hpay_0431,historical,hist_255,ML старт,8950.0,2026-08-26T14:52:53,purchases.xlsx; row 432; timezone unspecified,paid,,
hpay_0432,historical,hist_587,AI агенты,8450.0,2026-08-26T21:47:21,purchases.xlsx; row 433; timezone unspecified,paid,,
hpay_0433,historical,hist_136,AI агенты,7475.0,2026-08-27T08:57:04,purchases.xlsx; row 434; timezone unspecified,paid,,
hpay_0434,historical,hist_136,Backend про,7475.0,2026-08-27T08:57:04,purchases.xlsx; row 435; timezone unspecified,paid,,
hpay_0435,historical,hist_506,AI агенты,8950.0,2026-08-27T12:29:06,purchases.xlsx; row 436; timezone unspecified,paid,,
hpay_0436,historical,hist_526,AI агенты,8950.0,2026-08-27T13:32:56,purchases.xlsx; row 437; timezone unspecified,paid,,
hpay_0437,historical,hist_185,AI агенты,6975.0,2026-08-27T14:36:47,purchases.xlsx; row 438; timezone unspecified,paid,,
hpay_0438,historical,hist_185,ML про,6975.0,2026-08-27T14:36:47,purchases.xlsx; row 439; timezone unspecified,paid,,
hpay_0439,historical,hist_568,ML старт,7475.0,2026-08-27T15:10:07,purchases.xlsx; row 440; timezone unspecified,paid,,
hpay_0440,historical,hist_568,Аналитика про,7475.0,2026-08-27T15:10:07,purchases.xlsx; row 441; timezone unspecified,paid,,
hpay_0441,historical,hist_191,AI агенты,7462.5,2026-08-27T15:11:14,purchases.xlsx; row 442; timezone unspecified,paid,,
hpay_0442,historical,hist_191,Алгоритмы,7462.5,2026-08-27T15:11:14,purchases.xlsx; row 443; timezone unspecified,paid,,
hpay_0443,historical,hist_191,Мат анализ,7462.5,2026-08-27T15:11:14,purchases.xlsx; row 444; timezone unspecified,paid,,
hpay_0444,historical,hist_191,Теория вероятностей,7462.5,2026-08-27T15:11:14,purchases.xlsx; row 445; timezone unspecified,paid,,
hpay_0445,historical,hist_39,Мат анализ,9950.0,2026-08-27T17:02:28,purchases.xlsx; row 446; timezone unspecified,paid,,
hpay_0446,historical,hist_61,ML про,6975.0,2026-08-27T19:44:33,purchases.xlsx; row 447; timezone unspecified,paid,,
hpay_0447,historical,hist_61,ML старт,6975.0,2026-08-27T19:44:33,purchases.xlsx; row 448; timezone unspecified,paid,,
hpay_0448,historical,hist_11,ML старт,6975.0,2026-08-27T20:09:27,purchases.xlsx; row 449; timezone unspecified,paid,,
hpay_0449,historical,hist_122,ML про,7475.0,2026-08-27T20:55:44,purchases.xlsx; row 450; timezone unspecified,paid,,
hpay_0450,historical,hist_122,ML старт,7475.0,2026-08-27T20:55:44,purchases.xlsx; row 451; timezone unspecified,paid,,
hpay_0451,historical,hist_177,Аналитика старт,8950.0,2026-08-28T10:47:56,purchases.xlsx; row 452; timezone unspecified,paid,,
hpay_0452,historical,hist_219,Мат анализ,9950.0,2026-08-28T13:23:53,purchases.xlsx; row 453; timezone unspecified,paid,,
hpay_0453,historical,hist_322,ML про,7475.0,2026-08-28T14:03:47,purchases.xlsx; row 454; timezone unspecified,paid,,
hpay_0454,historical,hist_322,Алгоритмы старт,7475.0,2026-08-28T14:03:47,purchases.xlsx; row 455; timezone unspecified,paid,,
hpay_0455,historical,hist_289,AI агенты,8950.0,2026-08-28T16:24:51,purchases.xlsx; row 456; timezone unspecified,paid,,
hpay_0456,historical,hist_29,Backend старт,8450.0,2026-08-28T18:20:56,purchases.xlsx; row 457; timezone unspecified,paid,,
hpay_0457,historical,hist_314,Аналитика старт,8950.0,2026-08-28T18:44:36,purchases.xlsx; row 458; timezone unspecified,paid,,
hpay_0458,historical,hist_236,ML про,7475.0,2026-08-29T05:27:29,purchases.xlsx; row 459; timezone unspecified,paid,,
hpay_0459,historical,hist_340,АВ тестам,5975.0,2026-08-29T09:29:52,purchases.xlsx; row 460; timezone unspecified,paid,,
hpay_0460,historical,hist_340,Аналитика старт,5975.0,2026-08-29T09:29:52,purchases.xlsx; row 461; timezone unspecified,paid,,
hpay_0461,historical,hist_393,Мат анализ,9450.0,2026-08-29T09:45:18,purchases.xlsx; row 462; timezone unspecified,paid,,
hpay_0462,historical,hist_144,Аналитика про,4475.0,2026-08-29T11:51:08,purchases.xlsx; row 463; timezone unspecified,paid,,
hpay_0463,historical,hist_144,Аналитика старт,4475.0,2026-08-29T11:51:08,purchases.xlsx; row 464; timezone unspecified,paid,,
hpay_0464,historical,hist_242,ML про,8950.0,2026-08-29T13:44:52,purchases.xlsx; row 465; timezone unspecified,paid,,
hpay_0465,historical,hist_27,ML про,8950.0,2026-08-29T14:47:39,purchases.xlsx; row 466; timezone unspecified,paid,,
hpay_0466,historical,hist_99,AI агенты,8450.0,2026-08-29T19:35:36,purchases.xlsx; row 467; timezone unspecified,paid,,
hpay_0467,historical,hist_483,AI агенты,8450.0,2026-08-29T19:38:52,purchases.xlsx; row 468; timezone unspecified,paid,,
hpay_0468,historical,hist_432,Backend про,8950.0,2026-08-29T19:39:58,purchases.xlsx; row 469; timezone unspecified,paid,,
hpay_0469,historical,hist_585,AI агенты,6975.0,2026-08-29T19:40:39,purchases.xlsx; row 470; timezone unspecified,paid,,
hpay_0470,historical,hist_585,ML про,6975.0,2026-08-29T19:40:39,purchases.xlsx; row 471; timezone unspecified,paid,,
hpay_0471,historical,hist_285,AI агенты,6975.0,2026-08-30T08:22:49,purchases.xlsx; row 472; timezone unspecified,paid,,
hpay_0472,historical,hist_285,ML про,6975.0,2026-08-30T08:22:49,purchases.xlsx; row 473; timezone unspecified,paid,,
hpay_0473,historical,hist_535,Backend старт,7475.0,2026-08-30T08:24:30,purchases.xlsx; row 474; timezone unspecified,paid,,
hpay_0474,historical,hist_535,Алгоритмы старт,7475.0,2026-08-30T08:24:30,purchases.xlsx; row 475; timezone unspecified,paid,,
hpay_0475,historical,hist_573,AI агенты,8950.0,2026-08-30T09:39:42,purchases.xlsx; row 476; timezone unspecified,paid,,
hpay_0476,historical,hist_531,Backend старт,8950.0,2026-08-30T10:04:17,purchases.xlsx; row 477; timezone unspecified,paid,,
hpay_0477,historical,hist_432,AI агенты,8545.0,2026-08-30T10:31:12,purchases.xlsx; row 478; timezone unspecified,paid,,
hpay_0478,historical,hist_411,AI агенты,8545.0,2026-08-30T11:21:33,purchases.xlsx; row 479; timezone unspecified,paid,,
hpay_0479,historical,hist_284,ML про,6975.0,2026-08-30T11:56:49,purchases.xlsx; row 480; timezone unspecified,paid,,
hpay_0480,historical,hist_534,AI агенты,8450.0,2026-08-30T12:55:04,purchases.xlsx; row 481; timezone unspecified,paid,,
hpay_0481,historical,hist_145,Аналитика про,8950.0,2026-08-30T13:06:05,purchases.xlsx; row 482; timezone unspecified,paid,,
hpay_0482,historical,hist_81,AI агенты,8450.0,2026-08-30T13:44:26,purchases.xlsx; row 483; timezone unspecified,paid,,
hpay_0483,historical,hist_76,Алгоритмы про,6975.0,2026-08-30T14:48:44,purchases.xlsx; row 484; timezone unspecified,paid,,
hpay_0484,historical,hist_76,Аналитика про,6975.0,2026-08-30T14:48:44,purchases.xlsx; row 485; timezone unspecified,paid,,
hpay_0485,historical,hist_565,Алгоритмы про,6975.0,2026-08-30T15:30:24,purchases.xlsx; row 486; timezone unspecified,paid,,
hpay_0486,historical,hist_565,Алгоритмы старт,6975.0,2026-08-30T15:30:24,purchases.xlsx; row 487; timezone unspecified,paid,,
hpay_0487,historical,hist_437,AI агенты,1000.0,2026-08-30T16:16:42,purchases.xlsx; row 488; timezone unspecified,paid,,
hpay_0488,historical,hist_253,AI агенты,8950.0,2026-08-30T17:04:49,purchases.xlsx; row 489; timezone unspecified,paid,,
hpay_0489,historical,hist_241,Backend старт,8950.0,2026-08-30T17:07:59,purchases.xlsx; row 490; timezone unspecified,paid,,
hpay_0490,historical,hist_25,ML про,8450.0,2026-08-30T18:34:15,purchases.xlsx; row 491; timezone unspecified,paid,,
hpay_0491,historical,hist_566,ML про,8450.0,2026-08-30T18:45:42,purchases.xlsx; row 492; timezone unspecified,paid,,
hpay_0492,historical,hist_274,Аналитика про,6975.0,2026-08-30T23:37:30,purchases.xlsx; row 493; timezone unspecified,paid,,
hpay_0493,historical,hist_14,AI агенты,8950.0,2026-08-30T23:52:21,purchases.xlsx; row 494; timezone unspecified,paid,,
hpay_0494,historical,hist_90,Алгоритмы старт,6975.0,2026-08-31T01:05:18,purchases.xlsx; row 495; timezone unspecified,paid,,
hpay_0495,historical,hist_538,Backend старт,7475.0,2026-08-31T06:14:52,purchases.xlsx; row 496; timezone unspecified,paid,,
hpay_0496,historical,hist_538,Алгоритмы старт,7475.0,2026-08-31T06:14:52,purchases.xlsx; row 497; timezone unspecified,paid,,
hpay_0497,historical,hist_157,AI агенты,7475.0,2026-08-31T06:39:53,purchases.xlsx; row 498; timezone unspecified,paid,,
hpay_0498,historical,hist_157,ML про,7475.0,2026-08-31T06:39:53,purchases.xlsx; row 499; timezone unspecified,paid,,
hpay_0499,historical,hist_134,Алгоритмы про,6975.0,2026-08-31T08:06:47,purchases.xlsx; row 500; timezone unspecified,paid,,
hpay_0500,historical,hist_267,Аналитика про,8950.0,2026-08-31T08:26:17,purchases.xlsx; row 501; timezone unspecified,paid,,
hpay_0501,historical,hist_387,AI агенты,8545.0,2026-08-31T09:09:41,purchases.xlsx; row 502; timezone unspecified,paid,,
hpay_0502,historical,hist_403,Backend про,8950.0,2026-08-31T10:18:44,purchases.xlsx; row 503; timezone unspecified,paid,,
hpay_0503,historical,hist_497,Backend про,8950.0,2026-08-31T12:11:14,purchases.xlsx; row 504; timezone unspecified,paid,,
hpay_0504,historical,hist_26,Backend про,8975.0,2026-08-31T14:03:44,purchases.xlsx; row 505; timezone unspecified,paid,,
hpay_0505,historical,hist_26,Дискретка,8975.0,2026-08-31T14:03:44,purchases.xlsx; row 506; timezone unspecified,paid,,
hpay_0506,historical,hist_503,Аналитика про,7471.5,2026-08-31T14:40:32,purchases.xlsx; row 507; timezone unspecified,paid,,
hpay_0507,historical,hist_503,Аналитика старт,7471.5,2026-08-31T14:40:32,purchases.xlsx; row 508; timezone unspecified,paid,,
hpay_0508,historical,hist_4,AI агенты,8950.0,2026-08-31T15:42:34,purchases.xlsx; row 509; timezone unspecified,paid,,
hpay_0509,historical,hist_599,Аналитика про,8950.0,2026-08-31T16:05:26,purchases.xlsx; row 510; timezone unspecified,paid,,
hpay_0510,historical,hist_305,Алгоритмы про,7475.0,2026-08-31T17:03:19,purchases.xlsx; row 511; timezone unspecified,paid,,
hpay_0511,historical,hist_305,Алгоритмы старт,7475.0,2026-08-31T17:03:19,purchases.xlsx; row 512; timezone unspecified,paid,,
hpay_0512,historical,hist_239,Аналитика про,8450.0,2026-08-31T17:06:09,purchases.xlsx; row 513; timezone unspecified,paid,,
hpay_0513,historical,hist_77,Аналитика про,8450.0,2026-08-31T17:54:30,purchases.xlsx; row 514; timezone unspecified,paid,,
hpay_0514,historical,hist_171,Аналитика про,8950.0,2026-08-31T18:20:33,purchases.xlsx; row 515; timezone unspecified,paid,,
hpay_0515,historical,hist_272,Аналитика про,8950.0,2026-08-31T18:34:40,purchases.xlsx; row 516; timezone unspecified,paid,,
hpay_0516,historical,hist_324,AI агенты,8450.0,2026-08-31T19:22:31,purchases.xlsx; row 517; timezone unspecified,paid,,
hpay_0517,historical,hist_301,ML старт,8975.0,2026-08-31T20:57:15,purchases.xlsx; row 518; timezone unspecified,paid,,
hpay_0518,historical,hist_301,Аналитика старт,8975.0,2026-08-31T20:57:15,purchases.xlsx; row 519; timezone unspecified,paid,,
hpay_0519,historical,hist_390,Аналитика старт,8975.0,2026-09-01T02:23:30,purchases.xlsx; row 520; timezone unspecified,paid,,
hpay_0520,historical,hist_189,Аналитика старт,8945.0,2026-09-01T07:49:46,purchases.xlsx; row 521; timezone unspecified,paid,,
hpay_0521,historical,hist_495,ML про,7475.0,2026-09-01T10:30:21,purchases.xlsx; row 522; timezone unspecified,paid,,
hpay_0522,historical,hist_495,ML старт,7475.0,2026-09-01T10:30:21,purchases.xlsx; row 523; timezone unspecified,paid,,
hpay_0523,historical,hist_296,Аналитика старт,8950.0,2026-09-01T10:46:43,purchases.xlsx; row 524; timezone unspecified,paid,,
hpay_0524,historical,hist_195,AI агенты,8450.0,2026-09-01T10:54:53,purchases.xlsx; row 525; timezone unspecified,paid,,
hpay_0525,historical,hist_524,Аналитика про,8945.0,2026-09-01T11:54:01,purchases.xlsx; row 526; timezone unspecified,paid,,
hpay_0526,historical,hist_423,ML про,7475.0,2026-09-01T12:44:58,purchases.xlsx; row 527; timezone unspecified,paid,,
hpay_0527,historical,hist_115,Аналитика про,8945.0,2026-09-01T13:09:50,purchases.xlsx; row 528; timezone unspecified,paid,,
hpay_0528,historical,hist_247,ML про,7475.0,2026-09-01T14:59:35,purchases.xlsx; row 529; timezone unspecified,paid,,
hpay_0529,historical,hist_247,ML старт,7475.0,2026-09-01T14:59:35,purchases.xlsx; row 530; timezone unspecified,paid,,
hpay_0530,historical,hist_144,Аналитика про,8950.0,2026-09-01T15:30:39,purchases.xlsx; row 531; timezone unspecified,paid,,
hpay_0531,historical,hist_547,Backend про,7475.0,2026-09-01T15:53:22,purchases.xlsx; row 532; timezone unspecified,paid,,
hpay_0532,historical,hist_547,Алгоритмы про,7475.0,2026-09-01T15:53:22,purchases.xlsx; row 533; timezone unspecified,paid,,
hpay_0533,historical,hist_226,ML старт,7475.0,2026-09-01T17:03:44,purchases.xlsx; row 534; timezone unspecified,paid,,
hpay_0534,historical,hist_34,Аналитика про,8945.0,2026-09-01T17:23:37,purchases.xlsx; row 535; timezone unspecified,paid,,
hpay_0535,historical,hist_231,Алгоритмы,8245.0,2026-09-01T18:08:01,purchases.xlsx; row 536; timezone unspecified,paid,,
hpay_0536,historical,hist_231,Дискретка,8245.0,2026-09-01T18:08:01,purchases.xlsx; row 537; timezone unspecified,paid,,
hpay_0537,historical,hist_231,Линейная алгебра,8245.0,2026-09-01T18:08:01,purchases.xlsx; row 538; timezone unspecified,paid,,
hpay_0538,historical,hist_231,Мат анализ,8245.0,2026-09-01T18:08:01,purchases.xlsx; row 539; timezone unspecified,paid,,
hpay_0539,historical,hist_231,Теория вероятностей,8245.0,2026-09-01T18:08:01,purchases.xlsx; row 540; timezone unspecified,paid,,
hpay_0540,historical,hist_181,Аналитика про,8950.0,2026-09-01T18:44:37,purchases.xlsx; row 541; timezone unspecified,paid,,
hpay_0541,historical,hist_343,ML старт,8950.0,2026-09-01T19:07:54,purchases.xlsx; row 542; timezone unspecified,paid,,
hpay_0542,historical,hist_114,AI агенты,6975.0,2026-09-01T19:16:56,purchases.xlsx; row 543; timezone unspecified,paid,,
hpay_0543,historical,hist_114,ML про,6975.0,2026-09-01T19:16:56,purchases.xlsx; row 544; timezone unspecified,paid,,
hpay_0544,historical,hist_88,AI агенты,8950.0,2026-09-01T19:27:16,purchases.xlsx; row 545; timezone unspecified,paid,,
hpay_0545,historical,hist_139,AI агенты,6975.0,2026-09-01T20:30:07,purchases.xlsx; row 546; timezone unspecified,paid,,
hpay_0546,historical,hist_139,ML старт,6975.0,2026-09-01T20:30:07,purchases.xlsx; row 547; timezone unspecified,paid,,
hpay_0547,historical,hist_37,Backend про,5750.0,2026-09-02T04:13:14,purchases.xlsx; row 548; timezone unspecified,paid,,
hpay_0548,historical,hist_558,Линейная алгебра,8245.0,2026-09-02T08:49:58,purchases.xlsx; row 549; timezone unspecified,paid,,
hpay_0549,historical,hist_288,Аналитика про,8945.0,2026-09-02T08:57:12,purchases.xlsx; row 550; timezone unspecified,paid,,
hpay_0550,historical,hist_486,Backend про,8950.0,2026-09-02T09:28:52,purchases.xlsx; row 551; timezone unspecified,paid,,
hpay_0551,historical,hist_555,Алгоритмы про,7475.0,2026-09-02T09:38:46,purchases.xlsx; row 552; timezone unspecified,paid,,
hpay_0552,historical,hist_555,Алгоритмы старт,7475.0,2026-09-02T09:38:46,purchases.xlsx; row 553; timezone unspecified,paid,,
hpay_0553,historical,hist_551,Backend про,8950.0,2026-09-02T09:58:19,purchases.xlsx; row 554; timezone unspecified,paid,,
hpay_0554,historical,hist_419,ML про,7475.0,2026-09-02T10:06:52,purchases.xlsx; row 555; timezone unspecified,paid,,
hpay_0555,historical,hist_419,Алгоритмы про,7475.0,2026-09-02T10:06:52,purchases.xlsx; row 556; timezone unspecified,paid,,
hpay_0556,historical,hist_182,Backend про,8950.0,2026-09-02T10:14:11,purchases.xlsx; row 557; timezone unspecified,paid,,
hpay_0557,historical,hist_244,Алгоритмы старт,8950.0,2026-09-02T10:24:40,purchases.xlsx; row 558; timezone unspecified,paid,,
hpay_0558,historical,hist_50,Алгоритмы старт,8950.0,2026-09-02T10:32:55,purchases.xlsx; row 559; timezone unspecified,paid,,
hpay_0559,historical,hist_541,Алгоритмы старт,7475.0,2026-09-02T10:48:17,purchases.xlsx; row 560; timezone unspecified,paid,,
hpay_0560,historical,hist_541,Аналитика старт,7475.0,2026-09-02T10:48:17,purchases.xlsx; row 561; timezone unspecified,paid,,
hpay_0561,historical,hist_523,Backend про,8450.0,2026-09-02T11:00:48,purchases.xlsx; row 562; timezone unspecified,paid,,
hpay_0562,historical,hist_266,Мат анализ,10000.0,2026-09-02T11:33:22,purchases.xlsx; row 563; timezone unspecified,paid,,
hpay_0563,historical,hist_128,Аналитика про,8945.0,2026-09-02T11:55:47,purchases.xlsx; row 564; timezone unspecified,paid,,
hpay_0564,historical,hist_385,АВ тестам,5975.0,2026-09-02T14:17:34,purchases.xlsx; row 565; timezone unspecified,paid,,
hpay_0565,historical,hist_385,Аналитика старт,5975.0,2026-09-02T14:17:34,purchases.xlsx; row 566; timezone unspecified,paid,,
hpay_0566,historical,hist_355,Backend про,8450.0,2026-09-02T14:30:26,purchases.xlsx; row 567; timezone unspecified,paid,,
hpay_0567,historical,hist_572,Аналитика про,8945.0,2026-09-02T14:54:22,purchases.xlsx; row 568; timezone unspecified,paid,,
hpay_0568,historical,hist_422,Теория вероятностей,9450.0,2026-09-02T15:30:05,purchases.xlsx; row 569; timezone unspecified,paid,,
hpay_0569,historical,hist_493,Линейная алгебра,9950.0,2026-09-02T16:44:53,purchases.xlsx; row 570; timezone unspecified,paid,,
hpay_0570,historical,hist_264,Backend про,4225.0,2026-09-02T18:37:57,purchases.xlsx; row 571; timezone unspecified,paid,,
hpay_0571,historical,hist_264,Алгоритмы,4225.0,2026-09-02T18:37:57,purchases.xlsx; row 572; timezone unspecified,paid,,
hpay_0572,historical,hist_6,Аналитика про,8450.0,2026-09-02T19:16:28,purchases.xlsx; row 573; timezone unspecified,paid,,
hpay_0573,historical,hist_404,Алгоритмы про,7475.0,2026-09-02T19:30:00,purchases.xlsx; row 574; timezone unspecified,paid,,
hpay_0574,historical,hist_35,Backend про,4225.0,2026-09-02T22:38:59,purchases.xlsx; row 575; timezone unspecified,paid,,
hpay_0575,historical,hist_450,Backend про,8950.0,2026-09-03T06:06:37,purchases.xlsx; row 576; timezone unspecified,paid,,
hpay_0576,historical,hist_504,Аналитика старт,5975.0,2026-09-03T06:27:49,purchases.xlsx; row 577; timezone unspecified,paid,,
hpay_0577,historical,hist_273,ML про,8950.0,2026-09-03T08:17:51,purchases.xlsx; row 578; timezone unspecified,paid,,
hpay_0578,historical,hist_508,Backend про,5750.0,2026-09-03T08:29:32,purchases.xlsx; row 579; timezone unspecified,paid,,
hpay_0579,historical,hist_395,ML про,8950.0,2026-09-03T11:18:32,purchases.xlsx; row 580; timezone unspecified,paid,,
hpay_0580,historical,hist_271,ML про,7475.0,2026-09-03T12:55:50,purchases.xlsx; row 581; timezone unspecified,paid,,
hpay_0581,historical,hist_271,Алгоритмы про,7475.0,2026-09-03T12:55:50,purchases.xlsx; row 582; timezone unspecified,paid,,
hpay_0582,historical,hist_9,Аналитика про,8950.0,2026-09-03T14:55:45,purchases.xlsx; row 583; timezone unspecified,paid,,
hpay_0583,historical,hist_205,Аналитика про,8950.0,2026-09-03T15:01:50,purchases.xlsx; row 584; timezone unspecified,paid,,
hpay_0584,historical,hist_230,Аналитика про,8950.0,2026-09-03T15:07:18,purchases.xlsx; row 585; timezone unspecified,paid,,
hpay_0585,historical,hist_330,Аналитика про,7475.0,2026-09-03T15:10:16,purchases.xlsx; row 586; timezone unspecified,paid,,
hpay_0586,historical,hist_330,Аналитика старт,7475.0,2026-09-03T15:10:16,purchases.xlsx; row 587; timezone unspecified,paid,,
hpay_0587,historical,hist_376,К ВУЗу,6950.0,2026-09-03T15:43:04,purchases.xlsx; row 588; timezone unspecified,paid,,
hpay_0588,historical,hist_352,Алгоритмы про,8450.0,2026-09-03T16:22:06,purchases.xlsx; row 589; timezone unspecified,paid,,
hpay_0589,historical,hist_345,Аналитика про,8950.0,2026-09-03T16:33:15,purchases.xlsx; row 590; timezone unspecified,paid,,
hpay_0590,historical,hist_252,Backend про,8950.0,2026-09-03T16:36:15,purchases.xlsx; row 591; timezone unspecified,paid,,
hpay_0591,historical,hist_318,Аналитика про,8450.0,2026-09-03T17:23:38,purchases.xlsx; row 592; timezone unspecified,paid,,
hpay_0592,historical,hist_402,ML про,8450.0,2026-09-03T17:30:08,purchases.xlsx; row 593; timezone unspecified,paid,,
hpay_0593,historical,hist_594,AI агенты,5000.0,2026-09-03T18:16:38,purchases.xlsx; row 594; timezone unspecified,paid,,
hpay_0594,historical,hist_561,Теория вероятностей,18900.0,2026-09-03T18:55:28,purchases.xlsx; row 595; timezone unspecified,paid,,
hpay_0595,historical,hist_409,AI агенты,5000.0,2026-09-03T21:58:56,purchases.xlsx; row 596; timezone unspecified,paid,,
hpay_0596,historical,hist_3,АВ тестам,5975.0,2026-09-03T22:47:02,purchases.xlsx; row 597; timezone unspecified,paid,,
hpay_0597,historical,hist_601,AI агенты,7475.0,2026-09-04T04:51:49,purchases.xlsx; row 598; timezone unspecified,paid,,
hpay_0598,historical,hist_601,ML про,7475.0,2026-09-04T04:51:49,purchases.xlsx; row 599; timezone unspecified,paid,,
hpay_0599,historical,hist_601,ML старт,7475.0,2026-09-04T04:51:49,purchases.xlsx; row 600; timezone unspecified,paid,,
hpay_0600,historical,hist_363,Backend про,8945.0,2026-09-04T06:28:52,purchases.xlsx; row 601; timezone unspecified,paid,,
hpay_0601,historical,hist_124,Линейная алгебра,9950.0,2026-09-04T06:34:32,purchases.xlsx; row 602; timezone unspecified,paid,,
hpay_0602,historical,hist_490,AI агенты,8450.0,2026-09-04T10:01:44,purchases.xlsx; row 603; timezone unspecified,paid,,
hpay_0603,historical,hist_326,Аналитика про,7475.0,2026-09-04T10:55:46,purchases.xlsx; row 604; timezone unspecified,paid,,
hpay_0604,historical,hist_326,Аналитика старт,7475.0,2026-09-04T10:55:46,purchases.xlsx; row 605; timezone unspecified,paid,,
hpay_0605,historical,hist_590,Backend про,8945.0,2026-09-04T11:04:11,purchases.xlsx; row 606; timezone unspecified,paid,,
hpay_0606,historical,hist_379,Аналитика про,7475.0,2026-09-04T11:44:55,purchases.xlsx; row 607; timezone unspecified,paid,,
hpay_0607,historical,hist_317,Аналитика про,8950.0,2026-09-04T13:16:14,purchases.xlsx; row 608; timezone unspecified,paid,,
hpay_0608,historical,hist_354,Дискретка,8245.0,2026-09-04T13:47:25,purchases.xlsx; row 609; timezone unspecified,paid,,
hpay_0609,historical,hist_383,Аналитика про,8950.0,2026-09-04T14:11:02,purchases.xlsx; row 610; timezone unspecified,paid,,
hpay_0610,historical,hist_375,Алгоритмы про,7000.0,2026-09-04T14:19:28,purchases.xlsx; row 611; timezone unspecified,paid,,
hpay_0611,historical,hist_582,Аналитика старт,8950.0,2026-09-04T15:03:52,purchases.xlsx; row 612; timezone unspecified,paid,,
hpay_0612,historical,hist_378,Аналитика про,8950.0,2026-09-04T15:08:47,purchases.xlsx; row 613; timezone unspecified,paid,,
hpay_0613,historical,hist_28,Аналитика про,7475.0,2026-09-04T15:15:34,purchases.xlsx; row 614; timezone unspecified,paid,,
hpay_0614,historical,hist_28,Аналитика старт,7475.0,2026-09-04T15:15:34,purchases.xlsx; row 615; timezone unspecified,paid,,
hpay_0615,historical,hist_302,Аналитика про,7475.0,2026-09-04T15:20:47,purchases.xlsx; row 616; timezone unspecified,paid,,
hpay_0616,historical,hist_303,ML про,7475.0,2026-09-04T15:21:52,purchases.xlsx; row 617; timezone unspecified,paid,,
hpay_0617,historical,hist_303,ML старт,7475.0,2026-09-04T15:21:52,purchases.xlsx; row 618; timezone unspecified,paid,,
hpay_0618,historical,hist_15,Аналитика про,8450.0,2026-09-04T15:26:00,purchases.xlsx; row 619; timezone unspecified,paid,,
hpay_0619,historical,hist_197,AI агенты,7475.0,2026-09-04T15:39:31,purchases.xlsx; row 620; timezone unspecified,paid,,
hpay_0620,historical,hist_197,Backend про,7475.0,2026-09-04T15:39:31,purchases.xlsx; row 621; timezone unspecified,paid,,
hpay_0621,historical,hist_574,ML про,7475.0,2026-09-04T16:29:01,purchases.xlsx; row 622; timezone unspecified,paid,,
hpay_0622,historical,hist_198,Аналитика старт,7475.0,2026-09-04T16:44:57,purchases.xlsx; row 623; timezone unspecified,paid,,
hpay_0623,historical,hist_576,ML старт,7475.0,2026-09-04T17:26:34,purchases.xlsx; row 624; timezone unspecified,paid,,
hpay_0624,historical,hist_471,Линейная алгебра,9950.0,2026-09-04T18:12:51,purchases.xlsx; row 625; timezone unspecified,paid,,
hpay_0625,historical,hist_428,ML про,8950.0,2026-09-04T18:33:44,purchases.xlsx; row 626; timezone unspecified,paid,,
hpay_0626,historical,hist_428,ML старт,8950.0,2026-09-04T18:33:44,purchases.xlsx; row 627; timezone unspecified,paid,,
hpay_0627,historical,hist_94,Backend про,8950.0,2026-09-04T18:49:47,purchases.xlsx; row 628; timezone unspecified,paid,,
hpay_0628,historical,hist_1,Аналитика старт,8950.0,2026-09-04T19:30:57,purchases.xlsx; row 629; timezone unspecified,paid,,
hpay_0629,historical,hist_384,Аналитика про,8450.0,2026-09-04T20:38:50,purchases.xlsx; row 630; timezone unspecified,paid,,
hpay_0630,historical,hist_43,АВ тестам,6475.0,2026-09-05T07:16:30,purchases.xlsx; row 631; timezone unspecified,paid,,
hpay_0631,historical,hist_43,Аналитика старт,6475.0,2026-09-05T07:16:30,purchases.xlsx; row 632; timezone unspecified,paid,,
hpay_0632,historical,hist_309,ML про,8950.0,2026-09-05T09:55:40,purchases.xlsx; row 633; timezone unspecified,paid,,
hpay_0633,historical,hist_502,ML про,8450.0,2026-09-05T10:11:25,purchases.xlsx; row 634; timezone unspecified,paid,,
hpay_0634,historical,hist_591,AI агенты,8450.0,2026-09-05T10:13:46,purchases.xlsx; row 635; timezone unspecified,paid,,
hpay_0635,historical,hist_394,Алгоритмы про,8950.0,2026-09-05T10:17:43,purchases.xlsx; row 636; timezone unspecified,paid,,
hpay_0636,historical,hist_155,Backend про,7475.0,2026-09-05T10:20:56,purchases.xlsx; row 637; timezone unspecified,paid,,
hpay_0637,historical,hist_155,Backend старт,7475.0,2026-09-05T10:20:56,purchases.xlsx; row 638; timezone unspecified,paid,,
hpay_0638,historical,hist_533,AI агенты,8450.0,2026-09-05T10:24:14,purchases.xlsx; row 639; timezone unspecified,paid,,
hpay_0639,historical,hist_510,AI агенты,8950.0,2026-09-05T10:34:42,purchases.xlsx; row 640; timezone unspecified,paid,,
hpay_0640,historical,hist_328,ML про,7475.0,2026-09-05T10:58:26,purchases.xlsx; row 641; timezone unspecified,paid,,
hpay_0641,historical,hist_328,Аналитика про,7475.0,2026-09-05T10:58:26,purchases.xlsx; row 642; timezone unspecified,paid,,
hpay_0642,historical,hist_31,ML про,7475.0,2026-09-05T11:00:21,purchases.xlsx; row 643; timezone unspecified,paid,,
hpay_0643,historical,hist_397,Аналитика старт,8950.0,2026-09-05T11:02:15,purchases.xlsx; row 644; timezone unspecified,paid,,
hpay_0644,historical,hist_487,ML про,7475.0,2026-09-05T11:02:17,purchases.xlsx; row 645; timezone unspecified,paid,,
hpay_0645,historical,hist_487,ML старт,7475.0,2026-09-05T11:02:17,purchases.xlsx; row 646; timezone unspecified,paid,,
hpay_0646,historical,hist_515,Аналитика про,8450.0,2026-09-05T12:09:36,purchases.xlsx; row 647; timezone unspecified,paid,,
hpay_0647,historical,hist_155,Алгоритмы старт,7000.0,2026-09-05T12:13:44,purchases.xlsx; row 648; timezone unspecified,paid,,
hpay_0648,historical,hist_117,Аналитика про,8450.0,2026-09-05T12:34:35,purchases.xlsx; row 649; timezone unspecified,paid,,
hpay_0649,historical,hist_517,Аналитика про,8950.0,2026-09-05T12:48:03,purchases.xlsx; row 650; timezone unspecified,paid,,
hpay_0650,historical,hist_238,Backend про,8950.0,2026-09-05T13:28:56,purchases.xlsx; row 651; timezone unspecified,paid,,
hpay_0651,historical,hist_406,ML про,8450.0,2026-09-05T13:55:08,purchases.xlsx; row 652; timezone unspecified,paid,,
hpay_0652,historical,hist_270,Аналитика про,8950.0,2026-09-05T14:08:51,purchases.xlsx; row 653; timezone unspecified,paid,,
hpay_0653,historical,hist_48,Backend про,8950.0,2026-09-05T14:24:29,purchases.xlsx; row 654; timezone unspecified,paid,,
hpay_0654,historical,hist_405,Backend старт,8950.0,2026-09-05T14:29:26,purchases.xlsx; row 655; timezone unspecified,paid,,
hpay_0655,historical,hist_18,Алгоритмы про,8950.0,2026-09-05T14:29:29,purchases.xlsx; row 656; timezone unspecified,paid,,
hpay_0656,historical,hist_362,ML про,8450.0,2026-09-05T14:52:23,purchases.xlsx; row 657; timezone unspecified,paid,,
hpay_0657,historical,hist_250,Backend про,7475.0,2026-09-05T14:54:24,purchases.xlsx; row 658; timezone unspecified,paid,,
hpay_0658,historical,hist_250,Backend старт,7475.0,2026-09-05T14:54:24,purchases.xlsx; row 659; timezone unspecified,paid,,
hpay_0659,historical,hist_540,Аналитика про,8950.0,2026-09-05T14:57:41,purchases.xlsx; row 660; timezone unspecified,paid,,
hpay_0660,historical,hist_461,Аналитика про,7475.0,2026-09-05T15:01:05,purchases.xlsx; row 661; timezone unspecified,paid,,
hpay_0661,historical,hist_461,Аналитика старт,7475.0,2026-09-05T15:01:05,purchases.xlsx; row 662; timezone unspecified,paid,,
hpay_0662,historical,hist_556,Аналитика про,7475.0,2026-09-05T15:17:14,purchases.xlsx; row 663; timezone unspecified,paid,,
hpay_0663,historical,hist_431,Алгоритмы старт,8950.0,2026-09-05T15:28:29,purchases.xlsx; row 664; timezone unspecified,paid,,
hpay_0664,historical,hist_169,Аналитика про,8950.0,2026-09-05T15:47:16,purchases.xlsx; row 665; timezone unspecified,paid,,
hpay_0665,historical,hist_245,Backend про,8950.0,2026-09-05T15:54:58,purchases.xlsx; row 666; timezone unspecified,paid,,
hpay_0666,historical,hist_2,ML про,8950.0,2026-09-05T16:22:48,purchases.xlsx; row 667; timezone unspecified,paid,,
hpay_0667,historical,hist_414,ML про,8950.0,2026-09-05T16:25:16,purchases.xlsx; row 668; timezone unspecified,paid,,
hpay_0668,historical,hist_596,ML про,8950.0,2026-09-05T16:26:36,purchases.xlsx; row 669; timezone unspecified,paid,,
hpay_0669,historical,hist_67,ML про,8950.0,2026-09-05T17:04:40,purchases.xlsx; row 670; timezone unspecified,paid,,
hpay_0670,historical,hist_210,Аналитика старт,7475.0,2026-09-05T17:12:38,purchases.xlsx; row 671; timezone unspecified,paid,,
hpay_0671,historical,hist_127,ML про,8950.0,2026-09-05T17:27:41,purchases.xlsx; row 672; timezone unspecified,paid,,
hpay_0672,historical,hist_602,Backend про,8450.0,2026-09-05T17:42:39,purchases.xlsx; row 673; timezone unspecified,paid,,
hpay_0673,historical,hist_109,ML про,8950.0,2026-09-05T17:57:36,purchases.xlsx; row 674; timezone unspecified,paid,,
hpay_0674,historical,hist_398,ML про,8950.0,2026-09-05T18:06:36,purchases.xlsx; row 675; timezone unspecified,paid,,
hpay_0675,historical,hist_350,Аналитика про,8450.0,2026-09-05T18:12:55,purchases.xlsx; row 676; timezone unspecified,paid,,
hpay_0676,historical,hist_24,ML про,8950.0,2026-09-05T18:23:21,purchases.xlsx; row 677; timezone unspecified,paid,,
hpay_0677,historical,hist_553,ML про,8950.0,2026-09-05T18:27:14,purchases.xlsx; row 678; timezone unspecified,paid,,
hpay_0678,historical,hist_174,ML про,7475.0,2026-09-05T18:41:16,purchases.xlsx; row 679; timezone unspecified,paid,,
hpay_0679,historical,hist_174,Алгоритмы про,7475.0,2026-09-05T18:41:16,purchases.xlsx; row 680; timezone unspecified,paid,,
hpay_0680,historical,hist_494,Алгоритмы про,8959.0,2026-09-05T19:15:54,purchases.xlsx; row 681; timezone unspecified,paid,,
hpay_0681,historical,hist_377,Аналитика про,7475.0,2026-09-05T19:24:12,purchases.xlsx; row 682; timezone unspecified,paid,,
hpay_0682,historical,hist_377,Аналитика старт,7475.0,2026-09-05T19:24:12,purchases.xlsx; row 683; timezone unspecified,paid,,
hpay_0683,historical,hist_60,ML про,8950.0,2026-09-05T19:44:33,purchases.xlsx; row 684; timezone unspecified,paid,,
hpay_0684,historical,hist_545,ML про,8950.0,2026-09-05T19:45:17,purchases.xlsx; row 685; timezone unspecified,paid,,
hpay_0685,historical,hist_147,ML про,7475.0,2026-09-05T19:46:01,purchases.xlsx; row 686; timezone unspecified,paid,,
hpay_0686,historical,hist_147,ML старт,7475.0,2026-09-05T19:46:01,purchases.xlsx; row 687; timezone unspecified,paid,,
hpay_0687,historical,hist_416,Backend про,6975.0,2026-09-05T21:19:33,purchases.xlsx; row 688; timezone unspecified,paid,,
hpay_0688,historical,hist_416,ML про,6975.0,2026-09-05T21:19:33,purchases.xlsx; row 689; timezone unspecified,paid,,
hpay_0689,historical,hist_188,Backend про,6975.0,2026-09-06T01:03:43,purchases.xlsx; row 690; timezone unspecified,paid,,
hpay_0690,historical,hist_569,Backend про,8950.0,2026-09-06T08:00:03,purchases.xlsx; row 691; timezone unspecified,paid,,
hpay_0691,historical,hist_74,AI агенты,8450.0,2026-09-06T10:34:28,purchases.xlsx; row 692; timezone unspecified,paid,,
hpay_0692,historical,hist_20,Аналитика про,7475.0,2026-09-06T11:07:00,purchases.xlsx; row 693; timezone unspecified,paid,,
hpay_0693,historical,hist_20,Аналитика старт,7475.0,2026-09-06T11:07:00,purchases.xlsx; row 694; timezone unspecified,paid,,
hpay_0694,historical,hist_151,Аналитика про,7475.0,2026-09-06T11:31:11,purchases.xlsx; row 695; timezone unspecified,paid,,
hpay_0695,historical,hist_42,ML про,8450.0,2026-09-06T11:42:46,purchases.xlsx; row 696; timezone unspecified,paid,,
hpay_0696,historical,hist_193,AI агенты,8450.0,2026-09-06T11:49:34,purchases.xlsx; row 697; timezone unspecified,paid,,
hpay_0697,historical,hist_105,Аналитика про,8950.0,2026-09-06T11:55:22,purchases.xlsx; row 698; timezone unspecified,paid,,
hpay_0698,historical,hist_275,AI агенты,6975.0,2026-09-06T11:58:58,purchases.xlsx; row 699; timezone unspecified,paid,,
hpay_0699,historical,hist_275,ML про,6975.0,2026-09-06T11:58:58,purchases.xlsx; row 700; timezone unspecified,paid,,
hpay_0700,historical,hist_56,Backend старт,7475.0,2026-09-06T12:12:33,purchases.xlsx; row 701; timezone unspecified,paid,,
hpay_0701,historical,hist_44,AI агенты,6975.0,2026-09-06T12:29:18,purchases.xlsx; row 702; timezone unspecified,paid,,
hpay_0702,historical,hist_327,AI агенты,8950.0,2026-09-06T12:45:38,purchases.xlsx; row 703; timezone unspecified,paid,,
hpay_0703,historical,hist_292,ML про,6975.0,2026-09-06T12:59:39,purchases.xlsx; row 704; timezone unspecified,paid,,
hpay_0704,historical,hist_150,Backend про,8950.0,2026-09-06T13:11:45,purchases.xlsx; row 705; timezone unspecified,paid,,
hpay_0705,historical,hist_59,ML про,8950.0,2026-09-06T13:32:21,purchases.xlsx; row 706; timezone unspecified,paid,,
hpay_0706,historical,hist_154,Алгоритмы про,8950.0,2026-09-06T13:40:03,purchases.xlsx; row 707; timezone unspecified,paid,,
hpay_0707,historical,hist_472,ML про,8950.0,2026-09-06T13:45:12,purchases.xlsx; row 708; timezone unspecified,paid,,
hpay_0708,historical,hist_601,Аналитика про,6975.0,2026-09-06T14:28:33,purchases.xlsx; row 709; timezone unspecified,paid,,
hpay_0709,historical,hist_601,Аналитика старт,6975.0,2026-09-06T14:28:33,purchases.xlsx; row 710; timezone unspecified,paid,,
hpay_0710,historical,hist_22,ML про,8450.0,2026-09-06T14:41:56,purchases.xlsx; row 711; timezone unspecified,paid,,
hpay_0711,historical,hist_344,AI агенты,8950.0,2026-09-06T14:48:52,purchases.xlsx; row 712; timezone unspecified,paid,,
hpay_0712,historical,hist_49,AI агенты,7475.0,2026-09-06T14:51:02,purchases.xlsx; row 713; timezone unspecified,paid,,
hpay_0713,historical,hist_49,Backend про,7475.0,2026-09-06T14:51:02,purchases.xlsx; row 714; timezone unspecified,paid,,
hpay_0714,historical,hist_113,Аналитика про,8950.0,2026-09-06T15:14:57,purchases.xlsx; row 715; timezone unspecified,paid,,
hpay_0715,historical,hist_366,AI агенты,2237.5,2026-09-06T15:18:37,purchases.xlsx; row 716; timezone unspecified,paid,,
hpay_0716,historical,hist_366,ML про,2237.5,2026-09-06T15:18:37,purchases.xlsx; row 717; timezone unspecified,paid,,
hpay_0717,historical,hist_366,ML старт,2237.5,2026-09-06T15:18:37,purchases.xlsx; row 718; timezone unspecified,paid,,
hpay_0718,historical,hist_366,Алгоритмы старт,2237.5,2026-09-06T15:18:37,purchases.xlsx; row 719; timezone unspecified,paid,,
hpay_0719,historical,hist_434,Backend про,8450.0,2026-09-06T15:23:19,purchases.xlsx; row 720; timezone unspecified,paid,,
hpay_0720,historical,hist_55,AI агенты,2237.5,2026-09-06T15:35:13,purchases.xlsx; row 721; timezone unspecified,paid,,
hpay_0721,historical,hist_23,ML старт,2237.5,2026-09-06T15:39:44,purchases.xlsx; row 722; timezone unspecified,paid,,
hpay_0722,historical,hist_51,ML про,2237.5,2026-09-06T15:46:24,purchases.xlsx; row 723; timezone unspecified,paid,,
hpay_0723,historical,hist_261,AI агенты,8950.0,2026-09-06T16:06:04,purchases.xlsx; row 724; timezone unspecified,paid,,
hpay_0724,historical,hist_306,ML старт,8950.0,2026-09-06T16:18:59,purchases.xlsx; row 725; timezone unspecified,paid,,
hpay_0725,historical,hist_180,Алгоритмы старт,2237.5,2026-09-06T16:23:30,purchases.xlsx; row 726; timezone unspecified,paid,,
hpay_0726,historical,hist_10,Backend про,8450.0,2026-09-06T16:25:37,purchases.xlsx; row 727; timezone unspecified,paid,,
hpay_0727,historical,hist_310,AI агенты,7475.0,2026-09-06T16:38:02,purchases.xlsx; row 728; timezone unspecified,paid,,
hpay_0728,historical,hist_310,ML про,7475.0,2026-09-06T16:38:02,purchases.xlsx; row 729; timezone unspecified,paid,,
hpay_0729,historical,hist_528,ML про,8950.0,2026-09-06T16:54:20,purchases.xlsx; row 730; timezone unspecified,paid,,
hpay_0730,historical,hist_97,Backend про,8950.0,2026-09-06T17:27:55,purchases.xlsx; row 731; timezone unspecified,paid,,
hpay_0731,historical,hist_449,Алгоритмы старт,8950.0,2026-09-06T17:28:24,purchases.xlsx; row 732; timezone unspecified,paid,,
hpay_0732,historical,hist_278,Аналитика про,7475.0,2026-09-06T17:31:06,purchases.xlsx; row 733; timezone unspecified,paid,,
hpay_0733,historical,hist_278,Аналитика старт,7475.0,2026-09-06T17:31:06,purchases.xlsx; row 734; timezone unspecified,paid,,
hpay_0734,historical,hist_300,Data Science,6950.0,2026-09-06T17:58:00,purchases.xlsx; row 735; timezone unspecified,paid,,
hpay_0735,historical,hist_251,Мат анализ,9950.0,2026-09-06T18:05:45,purchases.xlsx; row 736; timezone unspecified,paid,,
hpay_0736,historical,hist_347,Аналитика про,7475.0,2026-09-06T18:35:08,purchases.xlsx; row 737; timezone unspecified,paid,,
hpay_0737,historical,hist_359,Аналитика старт,7475.0,2026-09-06T18:40:33,purchases.xlsx; row 738; timezone unspecified,paid,,
hpay_0738,historical,hist_399,ML про,8950.0,2026-09-06T19:02:33,purchases.xlsx; row 739; timezone unspecified,paid,,
hpay_0739,historical,hist_530,Аналитика про,8950.0,2026-09-06T19:09:38,purchases.xlsx; row 740; timezone unspecified,paid,,
hpay_0740,historical,hist_396,Мат анализ,9950.0,2026-09-06T19:15:37,purchases.xlsx; row 741; timezone unspecified,paid,,
hpay_0741,historical,hist_604,Аналитика старт,8950.0,2026-09-06T19:17:57,purchases.xlsx; row 742; timezone unspecified,paid,,
hpay_0742,historical,hist_593,Мат анализ,9950.0,2026-09-06T19:53:15,purchases.xlsx; row 743; timezone unspecified,paid,,
hpay_0743,historical,hist_454,ML про,8950.0,2026-09-07T04:33:26,purchases.xlsx; row 744; timezone unspecified,paid,,
hpay_0744,historical,hist_63,Алгоритмы про,8950.0,2026-09-07T05:24:57,purchases.xlsx; row 745; timezone unspecified,paid,,
hpay_0745,historical,hist_228,AI агенты,8950.0,2026-09-07T07:42:35,purchases.xlsx; row 746; timezone unspecified,paid,,
hpay_0746,historical,hist_13,AI агенты,8950.0,2026-09-07T07:54:24,purchases.xlsx; row 747; timezone unspecified,paid,,
hpay_0747,historical,hist_465,Алгоритмы,4225.0,2026-09-07T08:21:23,purchases.xlsx; row 748; timezone unspecified,paid,,
hpay_0748,historical,hist_125,ML про,8950.0,2026-09-07T08:46:37,purchases.xlsx; row 749; timezone unspecified,paid,,
hpay_0749,historical,hist_491,Аналитика про,8950.0,2026-09-07T09:04:54,purchases.xlsx; row 750; timezone unspecified,paid,,
hpay_0750,historical,hist_100,Backend старт,8950.0,2026-09-07T09:30:42,purchases.xlsx; row 751; timezone unspecified,paid,,
hpay_0751,historical,hist_110,AI агенты,8950.0,2026-09-07T10:27:06,purchases.xlsx; row 752; timezone unspecified,paid,,
hpay_0752,historical,hist_119,Алгоритмы про,8950.0,2026-09-07T11:34:36,purchases.xlsx; row 753; timezone unspecified,paid,,
hpay_0753,historical,hist_102,AI агенты,6475.0,2026-09-07T12:59:48,purchases.xlsx; row 754; timezone unspecified,paid,,
hpay_0754,historical,hist_102,ML про,6475.0,2026-09-07T12:59:48,purchases.xlsx; row 755; timezone unspecified,paid,,
hpay_0755,historical,hist_204,ML про,8950.0,2026-09-07T13:39:13,purchases.xlsx; row 756; timezone unspecified,paid,,
hpay_0756,historical,hist_214,AI агенты,8950.0,2026-09-07T14:02:50,purchases.xlsx; row 757; timezone unspecified,paid,,
hpay_0757,historical,hist_254,Алгоритмы про,7475.0,2026-09-07T14:53:39,purchases.xlsx; row 758; timezone unspecified,paid,,
hpay_0758,historical,hist_254,Алгоритмы старт,7475.0,2026-09-07T14:53:39,purchases.xlsx; row 759; timezone unspecified,paid,,
hpay_0759,historical,hist_246,Мат анализ,9950.0,2026-09-07T16:45:55,purchases.xlsx; row 760; timezone unspecified,paid,,
hpay_0760,historical,hist_509,Теория вероятностей,18900.0,2026-09-07T16:51:31,purchases.xlsx; row 761; timezone unspecified,paid,,
hpay_0761,historical,hist_72,AI агенты,6975.0,2026-09-07T19:19:58,purchases.xlsx; row 762; timezone unspecified,paid,,
hpay_0762,historical,hist_72,ML про,6975.0,2026-09-07T19:19:58,purchases.xlsx; row 763; timezone unspecified,paid,,
hpay_0763,historical,hist_78,Data Science,6950.0,2026-09-08T05:10:30,purchases.xlsx; row 764; timezone unspecified,paid,,
hpay_0764,historical,hist_548,AI агенты,6975.0,2026-09-08T12:45:32,purchases.xlsx; row 765; timezone unspecified,paid,,
hpay_0765,historical,hist_548,ML про,6975.0,2026-09-08T12:45:32,purchases.xlsx; row 766; timezone unspecified,paid,,
hpay_0766,historical,hist_429,Мат анализ,9950.0,2026-09-08T13:04:06,purchases.xlsx; row 767; timezone unspecified,paid,,
hpay_0767,historical,hist_499,Аналитика про,8950.0,2026-09-08T13:24:34,purchases.xlsx; row 768; timezone unspecified,paid,,
hpay_0768,historical,hist_68,Алгоритмы про,7500.0,2026-09-08T17:53:12,purchases.xlsx; row 769; timezone unspecified,paid,,
hpay_0769,historical,hist_68,Алгоритмы старт,7500.0,2026-09-08T17:53:12,purchases.xlsx; row 770; timezone unspecified,paid,,
hpay_0770,historical,hist_456,Мат анализ,9950.0,2026-09-08T17:57:42,purchases.xlsx; row 771; timezone unspecified,paid,,
hpay_0771,historical,hist_190,Мат анализ,9950.0,2026-09-09T02:52:43,purchases.xlsx; row 772; timezone unspecified,paid,,
hpay_0772,historical,hist_80,ML про,6975.0,2026-09-09T04:53:08,purchases.xlsx; row 773; timezone unspecified,paid,,
hpay_0773,historical,hist_108,AI агенты,6975.0,2026-09-09T04:53:08,purchases.xlsx; row 774; timezone unspecified,paid,,
hpay_0774,historical,hist_358,Аналитика про,8450.0,2026-09-09T06:30:33,purchases.xlsx; row 775; timezone unspecified,paid,,
hpay_0775,historical,hist_224,Аналитика про,8450.0,2026-09-09T08:55:28,purchases.xlsx; row 776; timezone unspecified,paid,,
hpay_0776,historical,hist_438,Аналитика про,8950.0,2026-09-09T13:24:37,purchases.xlsx; row 777; timezone unspecified,paid,,
hpay_0777,historical,hist_283,AI агенты,7475.0,2026-09-09T13:34:09,purchases.xlsx; row 778; timezone unspecified,paid,,
hpay_0778,historical,hist_283,ML про,7475.0,2026-09-09T13:34:09,purchases.xlsx; row 779; timezone unspecified,paid,,
hpay_0779,historical,hist_381,Аналитика старт,8950.0,2026-09-09T14:46:43,purchases.xlsx; row 780; timezone unspecified,paid,,
hpay_0780,historical,hist_212,Алгоритмы про,7475.0,2026-09-09T15:03:44,purchases.xlsx; row 781; timezone unspecified,paid,,
hpay_0781,historical,hist_212,Алгоритмы старт,7475.0,2026-09-09T15:03:44,purchases.xlsx; row 782; timezone unspecified,paid,,
hpay_0782,historical,hist_567,AI агенты,7475.0,2026-09-09T15:06:26,purchases.xlsx; row 783; timezone unspecified,paid,,
hpay_0783,historical,hist_567,Алгоритмы про,7475.0,2026-09-09T15:06:26,purchases.xlsx; row 784; timezone unspecified,paid,,
hpay_0784,historical,hist_337,Алгоритмы про,7475.0,2026-09-09T15:41:19,purchases.xlsx; row 785; timezone unspecified,paid,,
hpay_0785,historical,hist_349,Алгоритмы старт,7475.0,2026-09-09T16:10:16,purchases.xlsx; row 786; timezone unspecified,paid,,
hpay_0786,historical,hist_123,Data Science,6450.0,2026-09-09T16:23:01,purchases.xlsx; row 787; timezone unspecified,paid,,
hpay_0787,historical,hist_444,Алгоритмы про,7475.0,2026-09-09T16:46:07,purchases.xlsx; row 788; timezone unspecified,paid,,
hpay_0788,historical,hist_444,Алгоритмы старт,7475.0,2026-09-09T16:46:07,purchases.xlsx; row 789; timezone unspecified,paid,,
hpay_0789,historical,hist_36,Алгоритмы,8950.0,2026-09-09T19:26:20,purchases.xlsx; row 790; timezone unspecified,paid,,
hpay_0790,historical,hist_36,Дискретка,8950.0,2026-09-09T19:26:20,purchases.xlsx; row 791; timezone unspecified,paid,,
hpay_0791,historical,hist_36,Линейная алгебра,8950.0,2026-09-09T19:26:20,purchases.xlsx; row 792; timezone unspecified,paid,,
hpay_0792,historical,hist_36,Мат анализ,8950.0,2026-09-09T19:26:20,purchases.xlsx; row 793; timezone unspecified,paid,,
hpay_0793,historical,hist_36,Теория вероятностей,8950.0,2026-09-09T19:26:20,purchases.xlsx; row 794; timezone unspecified,paid,,
hpay_0794,historical,hist_407,Линейная алгебра,8950.0,2026-09-09T23:11:20,purchases.xlsx; row 795; timezone unspecified,paid,,
hpay_0795,historical,hist_196,Линейная алгебра,9950.0,2026-09-10T06:09:12,purchases.xlsx; row 796; timezone unspecified,paid,,
dv2_pay_1,demo,demo_v2_u002,Алгоритмы про,8950.0,2026-09-14T17:36:00Z,synthetic v2 seed 20260912,paid,dv2_l1,0
dv2_pay_3,demo,demo_v2_u004,Backend про,15990.0,2026-09-16T18:21:00Z,synthetic v2 seed 20260912,paid,dv2_l3,0
dv2_pay_12,demo,demo_v2_u013,Аналитика про,12990.0,2026-09-17T12:00:00Z,synthetic v2 seed 20260912,paid,dv2_l12,0
dv2_pay_13,demo,demo_v2_u014,Алгоритмы про,8950.0,2026-09-15T19:52:00Z,synthetic v2 seed 20260912,paid,dv2_l13,0
dv2_pay_18,demo,demo_v2_u019,ML про,14795.0,2026-09-19T10:57:00Z,synthetic v2 seed 20260912,paid,dv2_l18,0
dv2_pay_23,demo,demo_v2_u024,Backend про,15990.0,2026-09-19T19:52:00Z,synthetic v2 seed 20260912,paid,dv2_l23,0
dv2_pay_24,demo,demo_v2_u025,Аналитика про,12990.0,2026-09-18T10:49:00Z,synthetic v2 seed 20260912,paid,dv2_l24,0
dv2_pay_26,demo,demo_v2_u027,ML про,14795.0,2026-09-20T11:13:00Z,synthetic v2 seed 20260912,paid,dv2_l26,0
dv2_pay_32,demo,demo_v2_u033,Аналитика про,12990.0,2026-09-18T12:04:00Z,synthetic v2 seed 20260912,paid,dv2_l32,0
dv2_pay_33,demo,demo_v2_u034,Алгоритмы про,8950.0,2026-09-17T16:38:00Z,synthetic v2 seed 20260912,paid,dv2_l33,2237.5
dv2_pay_36,demo,demo_v2_u037,Аналитика про,12990.0,2026-09-20T11:05:00Z,synthetic v2 seed 20260912,paid,dv2_l36,0
dv2_pay_46,demo,demo_v2_u047,ML про,14795.0,2026-09-22T11:19:00Z,synthetic v2 seed 20260912,paid,dv2_l46,0
dv2_pay_47,demo,demo_v2_u048,Backend про,15990.0,2026-09-17T11:43:00Z,synthetic v2 seed 20260912,paid,dv2_l47,0
dv2_pay_58,demo,demo_v2_u059,ML про,14795.0,2026-09-20T11:08:00Z,synthetic v2 seed 20260912,paid,dv2_l58,0
dv2_pay_alt4,demo,demo_v2_u005,Аналитика про,12990.0,2026-09-17T12:00:00Z,synthetic comparison fixture,paid,dv2_l4,0
dv3_payment_0,demo,demo_v3_launch_0,AI агенты,12990.0,2026-09-20T11:00:00Z,synthetic v3 product launch,paid,dv3_lead_0,0
dv3_payment_3,demo,demo_v3_launch_3,Backend старт,8950.0,2026-09-21T11:30:00Z,synthetic v3 product launch,paid,dv3_lead_3,0
dv2_unknown,demo,demo_v2_unknown,AI агенты,8950.0,2026-09-17T11:00:00Z,synthetic: no recorded touch,paid,,0
